"","key","site","date","number","genID","genSp","sex","fieldPlantID","finalPlantID","samplingDay","sampingRound","collector","determiner.x","dateDetermined","notes","uniqueID","genus_species","genus","family","determiner.y"
"1","Autochton_cellus","PL","081312","237","skipper","","","purple thistle","Cirsium arizonicum var. arizonicum",5,1,"HLS","","","","EMEC_SI_PL_081312_237","Autochton cellus ","Autochton","Hesperiidae","L.Ponisio"
"2","Battus_philenor","PL","081212","278","swallow tail","","","purple flower","Glandularia bipinnatifida",4,1,"HLS","","","","EMEC_SI_PL_081212_278","Battus philenor","Battus","Papilionidae","L.Ponisio"
"3","Battus_philenor","PL","081312","253","swallow tail","","","purple flower","Glandularia bipinnatifida",5,1,"LCP","","","","EMEC_SI_PL_081312_253","Battus philenor","Battus","Papilionidae","L.Ponisio"
"4","Battus_philenor","PL","081312","252","swallow tail","","","purple flower","Glandularia bipinnatifida",5,1,"LCP","","","","EMEC_SI_PL_081312_252","Battus philenor","Battus","Papilionidae","L.Ponisio"
"5","Battus_philenor","PL","081212","277","swallow tail","","","purple flower","Glandularia bipinnatifida",4,1,"HLS","","","","EMEC_SI_PL_081212_277","Battus philenor","Battus","Papilionidae","L.Ponisio"
"6","Battus_philenor","PL","081212","275","swallow tail","","","purple flower","Glandularia bipinnatifida",4,1,"HLS","","","","EMEC_SI_PL_081212_275","Battus philenor","Battus","Papilionidae","L.Ponisio"
"7","Battus_philenor","PL","081312","222","swallow tail","","","purple flower","Glandularia bipinnatifida",5,1,"HLS","","","","EMEC_SI_PL_081312_222","Battus philenor","Battus","Papilionidae","L.Ponisio"
"8","Battus_philenor","PL","081312","223","swallow tail","","","purple flower","Glandularia bipinnatifida",5,1,"HLS","","","","EMEC_SI_PL_081312_223","Battus philenor","Battus","Papilionidae","L.Ponisio"
"9","Battus_philenor","PL","081212","274","swallow tail","","","purple flower","Glandularia bipinnatifida",4,1,"HLS","","","","EMEC_SI_PL_081212_274","Battus philenor","Battus","Papilionidae","L.Ponisio"
"10","Battus_philenor","PL","081112","252","swallow tail","","","purple flower","Glandularia bipinnatifida",3,1,"LCP","","","","EMEC_SI_PL_081112_252","Battus philenor","Battus","Papilionidae","L.Ponisio"
"11","Battus_philenor","PL","081212","306","swallow tail","","","purple flower","Glandularia bipinnatifida",4,1,"LCP","","","","EMEC_SI_PL_081212_306","Battus philenor","Battus","Papilionidae","L.Ponisio"
"12","Battus_philenor","PL","081212","303","swallow tail","","","wall flower","Erysimum capitatum",4,1,"LCP","","","","EMEC_SI_PL_081212_303","Battus philenor","Battus","Papilionidae","L.Ponisio"
"13","Battus_philenor","PL","081312","224","swallow tail","","","purple flower","Glandularia bipinnatifida",5,1,"HLS","","","","EMEC_SI_PL_081312_224","Battus philenor","Battus","Papilionidae","L.Ponisio"
"14","Battus_philenor","PL","081212","307","swallow tail","","","purple flower","Glandularia bipinnatifida",4,1,"LCP","","","","EMEC_SI_PL_081212_307","Battus philenor","Battus","Papilionidae","L.Ponisio"
"15","Battus_philenor","PL","081212","304","swallow tail","","","purple flower","Glandularia bipinnatifida",4,1,"LCP","","","","EMEC_SI_PL_081212_304","Battus philenor","Battus","Papilionidae","L.Ponisio"
"16","Celastrina_argiolus_sp_ladon","MM","080312","213","blue","","","white pea","Vicia pulchella",4,1,"LCP","","","","EMEC_SI_MM_080312_213","Celastrina argiolu sp. ladon","Celastrina","Lycaenidae","L.Ponisio"
"17","Celastrina_argiolus_sp_ladon","PL","081212","289","blue","","","purple flower","Glandularia bipinnatifida",4,1,"LCP","","","","EMEC_SI_PL_081212_289","Celastrina argiolu sp. ladon","Celastrina","Lycaenidae","L.Ponisio"
"18","Cercyonis_oetus","JC","071512","19","satyrid","Cercyonis oetus","m","Erigeron subtrinervis","Erigeron subtrinervis",4,1,"LCP","","","","EMEC_SI_JC_071512_19","Cercyonis oetus ","Cercyonis","Nymphalidae","L.Ponisio"
"19","Coenonympha_tullia","JC","071612","1","satyridae","Coenonympha tullia","","white aster","Hymenopappus newberryi",5,1,"HLS","","","","EMEC_SI_JC_071612_1","Coenonympha tullia","Coenonympha","Nymphalidae","L.Ponisio"
"20","Coenonympha_tullia","JC","071712","9","satyrid","Coenonympha tullia","","Erigeron subtrinervis","Erigeron subtrinervis",6,1,"HLS","","","","EMEC_SI_JC_071712_9","Coenonympha tullia","Coenonympha","Nymphalidae","L.Ponisio"
"21","Colias_eurytheme","JC","071512","6","sulfur","Colias eurytheme","m","Erigeron subtrinervis","Erigeron subtrinervis",4,1,"LCP","","","","EMEC_SI_JC_071512_6","Colias eurytheme","Colias","Pieridae","L.Ponisio"
"22","Colias_eurytheme","JC","071512","9","sulfur","Colias eurytheme","f","Hymenopappus newberryi","Hymenopappus newberryi",4,1,"LCP","","","","EMEC_SI_JC_071512_9","Colias eurytheme","Colias","Pieridae","L.Ponisio"
"23","Colias_eurytheme","PL","081112","288","sulfur","Colias eurytheme","","purple flower","Glandularia bipinnatifida",3,1,"HLS","","","","EMEC_SI_PL_081112_288","Colias eurytheme","Colias","Pieridae","L.Ponisio"
"24","Colias_eurytheme","SC","072012","327","sulfur","Colias eurytheme","m","Erigeron subtrinervis","Erigeron subtrinervis",1,1,"HLS","","","","EMEC_SI_SC_072012_327","Colias eurytheme","Colias","Pieridae","L.Ponisio"
"25","Colias_eurytheme","JC","071212","127","pierid","Colias eurytheme","m","Hymenopappus newberryi","Hymenopappus newberryi",2,1,"LCP","","","","EMEC_SI_JC_071212_127","Colias eurytheme","Colias","Pieridae","L.Ponisio"
"26","Colias_eurytheme","PL","081112","273","sulfur","Colias eurytheme","","purple flower","Glandularia bipinnatifida",3,1,"HLS","","","","EMEC_SI_PL_081112_273","Colias eurytheme","Colias","Pieridae","L.Ponisio"
"27","Colias_eurytheme","PL","081112","275","sulfur","Colias eurytheme","","thistle","Cirsium parryi",3,1,"HLS","","","","EMEC_SI_PL_081112_275","Colias eurytheme","Colias","Pieridae","L.Ponisio"
"28","Colias_eurytheme","PL","081112","229","bee","","","yellow pond flower","Hypericum scouleri",3,1,"LCP","","","","EMEC_SI_PL_081112_229","Colias eurytheme","Colias","Pieridae","L.Ponisio"
"29","Colias_eurytheme","PL","080912","381","sulfur","Colias eurytheme","","purple flower","Glandularia bipinnatifida",1,1,"HLS","","","","EMEC_SI_PL_080912_381","Colias eurytheme","Colias","Pieridae","L.Ponisio"
"30","Colias_eurytheme","SC","072712","268","sulfur","","","wall flower","Erysimum capitatum",5,1,"HLS","","","","EMEC_SI_SC_072712_268","Colias eurytheme","Colias","Pieridae","L.Ponisio"
"31","Colias_eurytheme","MM","080112","241","sulfur","","","yellow brassica","Erysimum capitatum",2,1,"HLS","","","","EMEC_SI_MM_080112_241","Colias eurytheme","Colias","Pieridae","L.Ponisio"
"32","Colias_eurytheme","JC","071512","3","sulfur","Colias eurytheme","f","Erigeron subtrinervis","Erigeron subtrinervis",4,1,"LCP","","","","EMEC_SI_JC_071512_3","Colias eurytheme","Colias","Pieridae","L.Ponisio"
"33","Colias_eurytheme","PL","081112","274","sulfur","Colias eurytheme","","purple penstemon","Penstemon strictus",3,1,"HLS","","","","EMEC_SI_PL_081112_274","Colias eurytheme","Colias","Pieridae","L.Ponisio"
"34","Colias_eurytheme","PL","081312","231","sulfur","Colias eurytheme","","purple flower","Glandularia bipinnatifida",5,1,"HLS","","","","EMEC_SI_PL_081312_231","Colias eurytheme","Colias","Pieridae","L.Ponisio"
"35","Colias_eurytheme","JC","071212","126","pierid","Colias eurytheme","m","Erigeron subtrinervis","Erigeron subtrinervis",2,1,"LCP","","","","EMEC_SI_JC_071212_126","Colias eurytheme","Colias","Pieridae","L.Ponisio"
"36","Colias_eurytheme","SC","072612","283","sulfur","","","wall flower","Erysimum capitatum",4,1,"LCP","","","","EMEC_SI_SC_072612_283","Colias eurytheme","Colias","Pieridae","L.Ponisio"
"37","Colias_eurytheme","SC","072012","325","sulfur","Colias eurytheme","f","Erigeron subtrinervis","Erigeron subtrinervis",1,1,"HLS","","","","EMEC_SI_SC_072012_325","Colias eurytheme","Colias","Pieridae","L.Ponisio"
"38","Colias_eurytheme","PL","080912","391","sulfur","Colias eurytheme","","purple flower","Glandularia bipinnatifida",1,1,"HLS","","","","EMEC_SI_PL_080912_391","Colias eurytheme","Colias","Pieridae","L.Ponisio"
"39","Colias_eurytheme","PL","081312","276","sulfur","","","purple flower","Glandularia bipinnatifida",5,1,"LCP","","","","EMEC_SI_PL_081312_276","Colias eurytheme","Colias","Pieridae","L.Ponisio"
"40","Colias_eurytheme","CH","082112","187","sulfur","","","yellow aster","Heliomeris multiflora var. nevadensis",4,2,"HLS","","","","EMEC_SI_CH_082112_187","Colias eurytheme","Colias","Pieridae","L.Ponisio"
"41","Colias_eurytheme","JC","071612","3","sulfur","Colias eurytheme","f","white aster","Hymenopappus newberryi",5,1,"HLS","","","","EMEC_SI_JC_071612_3","Colias eurytheme","Colias","Pieridae","L.Ponisio"
"42","Colias_eurytheme","JC","071212","129","pierid","Colias eurytheme","f","Erigeron subtrinervis","Erigeron subtrinervis",2,1,"LCP","","","","EMEC_SI_JC_071212_129","Colias eurytheme","Colias","Pieridae","L.Ponisio"
"43","Colias_eurytheme","PL","081012","325","Colias eurytheme","Colias eurytheme","f","purple flower","Glandularia bipinnatifida",2,1,"LCP","","","","EMEC_SI_PL_081012_325","Colias eurytheme","Colias","Pieridae","L.Ponisio"
"44","Colias_eurytheme","PL","080912","380","sulfur","Colias eurytheme","","purple flower","Glandularia bipinnatifida",1,1,"HLS","","","","EMEC_SI_PL_080912_380","Colias eurytheme","Colias","Pieridae","L.Ponisio"
"45","Colias_eurytheme","SC","072712","266","sulfur","","","Erigeron subtrinervis","Erigeron subtrinervis",5,1,"LCP","","","","EMEC_SI_SC_072712_266","Colias eurytheme","Colias","Pieridae","L.Ponisio"
"46","Colias_eurytheme","PL","081212","294","sulfur","Colias eurytheme","","orange dandilion","Agoseris aurantica",4,1,"LCP","","","","EMEC_SI_PL_081212_294","Colias eurytheme","Colias","Pieridae","L.Ponisio"
"47","Colias_eurytheme","JC","071512","5","sulfur","Colias eurytheme","m","Erigeron subtrinervis","Erigeron subtrinervis",4,1,"LCP","","","","EMEC_SI_JC_071512_5","Colias eurytheme","Colias","Pieridae","L.Ponisio"
"48","Colias_eurytheme","PL","081112","278","sulfur","Colias eurytheme","","thistle","Cirsium parryi",3,1,"HLS","","","","EMEC_SI_PL_081112_278","Colias eurytheme","Colias","Pieridae","L.Ponisio"
"49","Colias_eurytheme","PL","081212","293","sulfur","Colias eurytheme","","purple flower","Glandularia bipinnatifida",4,1,"LCP","","","","EMEC_SI_PL_081212_293","Colias eurytheme","Colias","Pieridae","L.Ponisio"
"50","Colias_eurytheme","PL","081112","272","sulfur","Colias eurytheme","","big yellow aster","Hymenoxys hoopesii",3,1,"HLS","","","","EMEC_SI_PL_081112_272","Colias eurytheme","Colias","Pieridae","L.Ponisio"
"51","Colias_eurytheme","JC","071712","14","sulfur","Colias eurytheme","m","Erigeron subtrinervis","Erigeron subtrinervis",6,1,"HLS","","","","EMEC_SI_JC_071712_14","Colias eurytheme","Colias","Pieridae","L.Ponisio"
"52","Colias_eurytheme","PL","081212","291","sulfur","Colias eurytheme","","purple flower","Glandularia bipinnatifida",4,1,"LCP","","","","EMEC_SI_PL_081212_291","Colias eurytheme","Colias","Pieridae","L.Ponisio"
"53","Colias_eurytheme","JC","071512","4","sulfur","Colias eurytheme","m","Erigeron subtrinervis","Erigeron subtrinervis",4,1,"LCP","","","","EMEC_SI_JC_071512_4","Colias eurytheme","Colias","Pieridae","L.Ponisio"
"54","Colias_eurytheme","PL","081112","277","sulfur","Colias eurytheme","","big yellow aster","Hymenoxys hoopesii",3,1,"HLS","","","","EMEC_SI_PL_081112_277","Colias eurytheme","Colias","Pieridae","L.Ponisio"
"55","Colias_eurytheme","PL","081112","278B","sulfur","Colias eurytheme","","thistle","Cirsium parryi",3,1,"HLS","","","","EMEC_SI_PL_081112_278B","Colias eurytheme","Colias","Pieridae","L.Ponisio"
"56","Colias_eurytheme","JC","071712","6","sulfur","Colias eurytheme","f","Hymenopappus newberryi","Hymenopappus newberryi",6,1,"HLS","","","","EMEC_SI_JC_071712_6","Colias eurytheme","Colias","Pieridae","L.Ponisio"
"57","Colias_eurytheme","JC","071712","8","sulfur","Colias eurytheme","m","Erigeron subtrinervis","Erigeron subtrinervis",6,1,"HLS","","","","EMEC_SI_JC_071712_8","Colias eurytheme","Colias","Pieridae","L.Ponisio"
"58","Colias_eurytheme","PL","081212","288","vanessa","","","thistle","Cirsium parryi",4,1,"HLS","","","","EMEC_SI_PL_081212_288","Colias eurytheme","Colias","Pieridae","L.Ponisio"
"59","Colias_eurytheme","PL","081212","292","sulfur","Colias eurytheme","","purple flower","Glandularia bipinnatifida",4,1,"LCP","","","","EMEC_SI_PL_081212_292","Colias eurytheme","Colias","Pieridae","L.Ponisio"
"60","Colias_eurytheme","CH","082112","189","sulfur","","","yellow aster","Heliomeris multiflora var. nevadensis",4,1,"HLS","","","","EMEC_SI_CH_082112_189","Colias eurytheme","Colias","Pieridae","L.Ponisio"
"61","Colias_eurytheme","JC","071612","11","sulfur","Colias eurytheme","m","white aster","Hymenopappus newberryi",5,1,"HLS","","","","EMEC_SI_JC_071612_11","Colias eurytheme","Colias","Pieridae","L.Ponisio"
"62","Colias_eurytheme","JC","071712","13","sulfur","Colias eurytheme","m","Erigeron subtrinervis","Erigeron subtrinervis",6,1,"HLS","","","","EMEC_SI_JC_071712_13","Colias eurytheme","Colias","Pieridae","L.Ponisio"
"63","Colias_eurytheme","MM","080212","335","sulfur","","","yellow brassica","Erysimum capitatum",3,2,"HLS","","","","EMEC_SI_MM_080212_335","Colias eurytheme","Colias","Pieridae","L.Ponisio"
"64","Colias_eurytheme","JC","071512","16","sulfur","Colias eurytheme","f","Erigeron subtrinervis","Erigeron subtrinervis",4,1,"LCP","","","","EMEC_SI_JC_071512_16","Colias eurytheme","Colias","Pieridae","L.Ponisio"
"65","Colias_eurytheme","PL","080912","384","sulfur","Colias eurytheme","","big yellow aster","Hymenoxys hoopesii",1,1,"HLS","","","","EMEC_SI_PL_080912_384","Colias eurytheme","Colias","Pieridae","L.Ponisio"
"66","Colias_eurytheme","PL","080912","383","sulfur","Colias eurytheme","","big yellow aster","Hymenoxys hoopesii",1,1,"HLS","","","","EMEC_SI_PL_080912_383","Colias eurytheme","Colias","Pieridae","L.Ponisio"
"67","Colias_eurytheme","PL","080912","388","sulfur","","","purple flower","Glandularia bipinnatifida",1,1,"HLS","","","","EMEC_SI_PL_080912_388","Colias eurytheme","Colias","Pieridae","L.Ponisio"
"68","Colias_eurytheme","CH","082112","186","sulfur","","","purple flower","Glandularia bipinnatifida",4,2,"HLS","","","","EMEC_SI_CH_082112_186","Colias eurytheme","Colias","Pieridae","L.Ponisio"
"69","Colias_eurytheme","MM","080212","331","sulfur","","","yellow brassica","Erysimum capitatum",3,1,"LCP","","","","EMEC_SI_MM_080212_331","Colias eurytheme","Colias","Pieridae","L.Ponisio"
"70","Colias_eurytheme","SC","072012","323","sulfur","Colias eurytheme","f","pea","Oxytropis lambertii",1,1,"HLS","","","","EMEC_SI_SC_072012_323","Colias eurytheme","Colias","Pieridae","L.Ponisio"
"71","Colias_eurytheme","PL","080912","401","sulfur","Colias eurytheme","","wall flower","Erysimum capitatum",1,1,"LCP","","","Specimen destroyed","EMEC_SI_PL_080912_401","Colias eurytheme","Colias","Pieridae","L.Ponisio"
"72","Colias_eurytheme","SC","072712","267B","sulfur","","","wall flower","Erysimum capitatum",5,1,"HLS","","","","EMEC_SI_SC_072712_267B","Colias eurytheme","Colias","Pieridae","L.Ponisio"
"73","Colias_eurytheme","PL","081112","268","sulfur","Colias eurytheme","","wall flower","Erysimum capitatum",3,1,"LCP","","","","EMEC_SI_PL_081112_268","Colias eurytheme","Colias","Pieridae","L.Ponisio"
"74","Colias_eurytheme","PL","080912","400","sulfur","Colias eurytheme","","wall flower","Erysimum capitatum",1,1,"LCP","","","","EMEC_SI_PL_080912_400","Colias eurytheme","Colias","Pieridae","L.Ponisio"
"75","Colias_eurytheme","JC","071612","10","sulfur","Colias eurytheme","m","Erigeron subtrinervis","Erigeron subtrinervis",5,1,"HLS","","","","EMEC_SI_JC_071612_10","Colias eurytheme","Colias","Pieridae","L.Ponisio"
"76","Colias_eurytheme","JC","071512","2","sulfur","Colias eurytheme","m","Erigeron subtrinervis","Erigeron subtrinervis",4,1,"LCP","","","","EMEC_SI_JC_071512_2","Colias eurytheme","Colias","Pieridae","L.Ponisio"
"77","Colias_eurytheme","SC","072712","264","sulfur","","","Erigeron subtrinervis","Erigeron subtrinervis",5,1,"LCP","","","","EMEC_SI_SC_072712_264","Colias eurytheme","Colias","Pieridae","L.Ponisio"
"78","Colias_eurytheme","JC","071612","8","sulfur","Colias eurytheme","m","Erigeron subtrinervis","Erigeron subtrinervis",5,1,"HLS","","","","EMEC_SI_JC_071612_8","Colias eurytheme","Colias","Pieridae","L.Ponisio"
"79","Colias_eurytheme","SC","072712","265","sulfur","","","Erigeron subtrinervis","Erigeron subtrinervis",5,1,"LCP","","","","EMEC_SI_SC_072712_265","Colias eurytheme","Colias","Pieridae","L.Ponisio"
"80","Colias_eurytheme","PL","081012","335","sulfur","Colias eurytheme","","purple flower","Glandularia bipinnatifida",2,1,"HLS","","","","EMEC_SI_PL_081012_335","Colias eurytheme","Colias","Pieridae","L.Ponisio"
"81","Colias_eurytheme","JC","071612","9","sulfur","Colias eurytheme","m","Erigeron subtrinervis","Erigeron subtrinervis",5,1,"HLS","","","","EMEC_SI_JC_071612_9","Colias eurytheme","Colias","Pieridae","L.Ponisio"
"82","Colias_eurytheme","JC","071612","12","sulfur","Colias eurytheme","f","Erigeron subtrinervis","Erigeron subtrinervis",5,1,"HLS","","","","EMEC_SI_JC_071612_12","Colias eurytheme","Colias","Pieridae","L.Ponisio"
"83","Colias_eurytheme","CH","082112","199","sulfur","","","purple flower","Glandularia bipinnatifida",4,1,"HLS","","","","EMEC_SI_CH_082112_199","Colias eurytheme","Colias","Pieridae","L.Ponisio"
"84","Colias_eurytheme","JC","071412","28","pierid","Colias eurytheme","m","Erigeron subtrinervis","Erigeron subtrinervis",3,1,"LCP","","","","EMEC_SI_JC_071412_28","Colias eurytheme","Colias","Pieridae","L.Ponisio"
"85","Colias_eurytheme","JC","071712","11","sulfur","Colias eurytheme","m","Erigeron subtrinervis","Erigeron subtrinervis",6,1,"HLS","","","","EMEC_SI_JC_071712_11","Colias eurytheme","Colias","Pieridae","L.Ponisio"
"86","Colias_eurytheme","PL","081312","229","sulfur","Colias eurytheme","","thistle","Cirsium parryi",5,1,"HLS","","","","EMEC_SI_PL_081312_229","Colias eurytheme","Colias","Pieridae","L.Ponisio"
"87","Colias_eurytheme","PL","081012","336","sulfur","Colias eurytheme","","purple flower","Glandularia bipinnatifida",2,1,"HLS","","","","EMEC_SI_PL_081012_336","Colias eurytheme","Colias","Pieridae","L.Ponisio"
"88","Colias_eurytheme","JC","071512","17","sulfur","Colias eurytheme","f","Erigeron subtrinervis","Erigeron subtrinervis",4,1,"LCP","","","","EMEC_SI_JC_071512_17","Colias eurytheme","Colias","Pieridae","L.Ponisio"
"89","Colias_eurytheme","JC","071612","4","sulfur","Colias eurytheme","f","Erigeron subtrinervis","Erigeron subtrinervis",5,1,"HLS","","","","EMEC_SI_JC_071612_4","Colias eurytheme","Colias","Pieridae","L.Ponisio"
"90","Colias_eurytheme","PL","081112","267","sulfur","Colias eurytheme","","purple flower","Glandularia bipinnatifida",3,1,"LCP","","","","EMEC_SI_PL_081112_267","Colias eurytheme","Colias","Pieridae","L.Ponisio"
"91","Colias_eurytheme","PL","081112","267B","sulfur","Colias eurytheme","","purple flower","Glandularia bipinnatifida",3,1,"LCP","","","","EMEC_SI_PL_081112_267B","Colias eurytheme","Colias","Pieridae","L.Ponisio"
"92","Colias_eurytheme","PL","081212","285","sulfur","Colias eurytheme","","thistle","Cirsium parryi",4,1,"HLS","","","","EMEC_SI_PL_081212_285","Colias eurytheme","Colias","Pieridae","L.Ponisio"
"93","Colias_eurytheme","CH","082012","189","sulfur","Colias eurytheme","","purple flower","Glandularia bipinnatifida",3,2,"LCP","","","","EMEC_SI_CH_082012_189","Colias eurytheme","Colias","Pieridae","L.Ponisio"
"94","Colias_eurytheme","PL","080912","411","sulfur","Colias eurytheme","","purple flower","Glandularia bipinnatifida",1,1,"LCP","","","","EMEC_SI_PL_080912_411","Colias eurytheme","Colias","Pieridae","L.Ponisio"
"95","Colias_eurytheme","PL","081012","334","sulfur","Colias eurytheme","","purple flower","Glandularia bipinnatifida",2,1,"HLS","","","","EMEC_SI_PL_081012_334","Colias eurytheme","Colias","Pieridae","L.Ponisio"
"96","Colias_eurytheme","JC","071612","5","sulfur","Colias eurytheme","m","Erigeron subtrinervis","Erigeron subtrinervis",5,1,"HLS","","","","EMEC_SI_JC_071612_5","Colias eurytheme","Colias","Pieridae","L.Ponisio"
"97","Colias_eurytheme","PL","081012","333","sulfur","Colias eurytheme","","purple flower","Glandularia bipinnatifida",2,1,"HLS","","","","EMEC_SI_PL_081012_333","Colias eurytheme","Colias","Pieridae","L.Ponisio"
"98","Colias_eurytheme","JC","071512","18","sulfur","Colias eurytheme","m","Erigeron subtrinervis","Erigeron subtrinervis",4,1,"LCP","","","","EMEC_SI_JC_071512_18","Colias eurytheme","Colias","Pieridae","L.Ponisio"
"99","Colias_eurytheme","JC","071612","152","Sulfur","Colias eurytheme","f","Western wallflower","Erysimum capitatum",5,1,"HLS","","","","EMEC_SI_JC_071612_152","Colias eurytheme","Colias","Pieridae","L.Ponisio"
"100","Colias_eurytheme","PL","080912","405","sulfur","Colias eurytheme","","purple flower","Glandularia bipinnatifida",1,1,"LCP","","","","EMEC_SI_PL_080912_405","Colias eurytheme","Colias","Pieridae","L.Ponisio"
"101","Colias_eurytheme","SC","072712","263","sulfur","","","Erigeron subtrinervis","Erigeron subtrinervis",5,1,"LCP","","","","EMEC_SI_SC_072712_263","Colias eurytheme","Colias","Pieridae","L.Ponisio"
"102","Epargyreus_clarus","PL","081112","106","skipper","","","purple flower","Glandularia bipinnatifida",3,1,"HLS","","","","EMEC_SI_PL_081112_106","Epargyreus clarus","Epargyreus","Hesperiidae","L.Ponisio"
"103","Epargyreus_clarus","PL","080912","372","skipper","","","purple flower","Glandularia bipinnatifida",1,1,"LCP","","","","EMEC_SI_PL_080912_372","Epargyreus clarus","Epargyreus","Hesperiidae","L.Ponisio"
"104","Epargyreus_clarus","PL","081112","280","skipper","","","purple flower","Glandularia bipinnatifida",3,1,"HLS","","","","EMEC_SI_PL_081112_280","Epargyreus clarus","Epargyreus","Hesperiidae","L.Ponisio"
"105","Epargyreus_clarus","PL","081312","279","skipper","","","purple flower","Glandularia bipinnatifida",5,1,"LCP","","","","EMEC_SI_PL_081312_279","Epargyreus clarus","Epargyreus","Hesperiidae","L.Ponisio"
"106","Epargyreus_clarus","PL","081112","255","skipper","","","purple flower","Glandularia bipinnatifida",3,1,"LCP","","","","EMEC_SI_PL_081112_255","Epargyreus clarus","Epargyreus","Hesperiidae","L.Ponisio"
"107","Epargyreus_clarus","PL","081012","324","skipper","","","purple flower","Glandularia bipinnatifida",2,1,"LCP","","","","EMEC_SI_PL_081012_324","Epargyreus clarus","Epargyreus","Hesperiidae","L.Ponisio"
"108","Epargyreus_clarus","PL","080912","406","skipper","","","purple flower","Glandularia bipinnatifida",1,1,"LCP","","","","EMEC_SI_PL_080912_406","Epargyreus clarus","Epargyreus","Hesperiidae","L.Ponisio"
"109","Epargyreus_clarus","PL","081212","296","skipper","","","purple flower","Glandularia bipinnatifida",4,1,"LCP","","","","EMEC_SI_PL_081212_296","Epargyreus clarus","Epargyreus","Hesperiidae","L.Ponisio"
"110","Epargyreus_clarus","PL","081112","281","skipper","","","purple flower","Glandularia bipinnatifida",3,1,"HLS","","","","EMEC_SI_PL_081112_281","Epargyreus clarus","Epargyreus","Hesperiidae","L.Ponisio"
"111","Epargyreus_clarus","PL","081212","298","skipper","","","purple flower","Glandularia bipinnatifida",4,1,"LCP","","","","EMEC_SI_PL_081212_298","Epargyreus clarus","Epargyreus","Hesperiidae","L.Ponisio"
"112","Epargyreus_clarus","PL","081212","297","skipper","","","purple flower","Glandularia bipinnatifida",4,1,"LCP","","","","EMEC_SI_PL_081212_297","Epargyreus clarus","Epargyreus","Hesperiidae","L.Ponisio"
"113","Epargyreus_clarus","PL","081312","240","skipper","","","purple flower","Glandularia bipinnatifida",5,1,"HLS","","","","EMEC_SI_PL_081312_240","Epargyreus clarus","Epargyreus","Hesperiidae","L.Ponisio"
"114","Euptoierta_claudia","PL","081212","290","frittlery","","","big yellow aster","Hymenoxys hoopesii",4,1,"LCP","","","","EMEC_SI_PL_081212_290","Euptoieta Claudia","Euptoieta","Nymphalidae","L.Ponisio"
"115","Euptoierta_claudia","PL","081312","238","frittelry","","","big yellow aster","Hymenoxys hoopesii",5,1,"HLS","","","","EMEC_SI_PL_081312_238","Euptoieta Claudia","Euptoieta","Nymphalidae","L.Ponisio"
"116","Euptoierta_claudia","MM","080412","245","spyeria","","","Thistle","Cirsium neomexicanum",5,1,"HLS","","","","EMEC_SI_MM_080412_245","Euptoieta Claudia","Euptoieta","Nymphalidae","L.Ponisio"
"117","Euptoierta_claudia","PL","081312","236","frittelry","","","purple flower","Glandularia bipinnatifida",5,1,"HLS","","","","EMEC_SI_PL_081312_236","Euptoieta Claudia","Euptoieta","Nymphalidae","L.Ponisio"
"118","Euptoierta_claudia","PL","081312","278","speyeria","","","purple flower","Glandularia bipinnatifida",5,1,"LCP","","","","EMEC_SI_PL_081312_278","Euptoieta Claudia","Euptoieta","Nymphalidae","L.Ponisio"
"119","Euptoierta_claudia","PL","081212","279","frittlery","","","purple flower","Glandularia bipinnatifida",4,1,"HLS","","","","EMEC_SI_PL_081212_279","Euptoieta Claudia","Euptoieta","Nymphalidae","L.Ponisio"
"120","Euptoierta_claudia","PL","081012","320","frittlery","","","purple flower","Glandularia bipinnatifida",2,1,"LCP","","","","EMEC_SI_PL_081012_320","Euptoieta Claudia","Euptoieta","Nymphalidae","L.Ponisio"
"121","Euptoierta_claudia","PL","081312","288","frittelry","","","big yellow aster","Hymenoxys hoopesii",5,1,"LCP","","","","EMEC_SI_PL_081312_288","Euptoieta Claudia","Euptoieta","Nymphalidae","L.Ponisio"
"122","Euptoierta_claudia","JC","071212","128","nymphalid","Euptoieta claudia","f","Hymenopappus newberryi","Hymenopappus newberryi",2,1,"LCP","","","","EMEC_SI_JC_071212_128","Euptoieta Claudia","Euptoieta","Nymphalidae","L.Ponisio"
"123","Euptoierta_claudia","CH","082112","185","frittelry","","","primrose","Oenothera elata",4,2,"HLS","","","","EMEC_SI_CH_082112_185","Euptoieta Claudia","Euptoieta","Nymphalidae","L.Ponisio"
"124","Euptoierta_claudia","PL","081312","287","frittelry","","","big yellow aster","Hymenoxys hoopesii",5,1,"LCP","","","","EMEC_SI_PL_081312_287","Euptoieta Claudia","Euptoieta","Nymphalidae","L.Ponisio"
"125","Eurema_nicippe","JC","071712","10","sulfur","Eurema nicippe ","f","Erigeron subtrinervis","Erigeron subtrinervis",6,1,"HLS","","","","EMEC_SI_JC_071712_10","Eurema nicippe","Eurema","Pieridae","L.Ponisio"
"126","Eurema_nicippe","JC","071212","131","pierid","Eurema nicippe ","m","Western wallflower","Erysimum capitatum",2,1,"HLS","","","","EMEC_SI_JC_071212_131","Eurema nicippe","Eurema","Pieridae","L.Ponisio"
"127","Eurema_nicippe","PL","081212","295","vanessa","","","purple flower","Glandularia bipinnatifida",4,1,"LCP","","","","EMEC_SI_PL_081212_295","Eurema nicippe","Eurema","Pieridae","L.Ponisio"
"128","Eurema_nicippe","PL","081312","275","sulfur","","","purple flower","Glandularia bipinnatifida",5,1,"LCP","","","","EMEC_SI_PL_081312_275","Eurema nicippe","Eurema","Pieridae","L.Ponisio"
"129","Hesperia_comma","PL","081012","301","skipper","","","purple flower","Glandularia bipinnatifida",2,1,"HLS","","","","EMEC_SI_PL_081012_301","Hesperia comma ","Hesperia","Hesperiidae","L.Ponisio"
"130","Hesperia_comma","PL","081112","110","skipper","","","purple flower","Glandularia bipinnatifida",3,1,"HLS","","","","EMEC_SI_PL_081112_110","Hesperia comma ","Hesperia","Hesperiidae","L.Ponisio"
"131","Hesperia_comma","PL","081112","270","skipper","","","purple thistle","Cirsium arizonicum var. arizonicum",3,1,"HLS","","","","EMEC_SI_PL_081112_270","Hesperia comma ","Hesperia","Hesperiidae","L.Ponisio"
"132","Hesperia_comma","PL","081012","300","skipper","","","purple flower","Glandularia bipinnatifida",2,1,"HLS","","","","EMEC_SI_PL_081012_300","Hesperia comma ","Hesperia","Hesperiidae","L.Ponisio"
"133","Hesperia_comma","PL","080912","364","skipper","","","purple flower","Glandularia bipinnatifida",1,1,"LCP","","","","EMEC_SI_PL_080912_364","Hesperia comma ","Hesperia","Hesperiidae","L.Ponisio"
"134","Hesperia_comma","PL","081312","261","skipper","","","purple flower","Glandularia bipinnatifida",5,1,"HLS","","","","EMEC_SI_PL_081312_261","Hesperia comma ","Hesperia","Hesperiidae","L.Ponisio"
"135","Hesperia_comma","PL","081112","256","skipper","","","purple flower","Glandularia bipinnatifida",3,1,"LCP","","","","EMEC_SI_PL_081112_256","Hesperia comma ","Hesperia","Hesperiidae","L.Ponisio"
"136","Hesperia_comma","PL","080912","362","skipper","","","purple flower","Glandularia bipinnatifida",1,1,"LCP","","","","EMEC_SI_PL_080912_362","Hesperia comma ","Hesperia","Hesperiidae","L.Ponisio"
"137","Hesperia_comma","PL","081312","250","skipper","","","big yellow aster","Hymenoxys hoopesii",5,1,"HLS","","","","EMEC_SI_PL_081312_250","Hesperia comma ","Hesperia","Hesperiidae","L.Ponisio"
"138","Hesperia_comma","PL","081012","297","skipper","","","purple flower","Glandularia bipinnatifida",2,1,"LCP","","","","EMEC_SI_PL_081012_297","Hesperia comma ","Hesperia","Hesperiidae","L.Ponisio"
"139","Hesperia_comma","PL","081212","251","skipper","","","purple flower","Glandularia bipinnatifida",4,1,"LCP","","","","EMEC_SI_PL_081212_251","Hesperia comma ","Hesperia","Hesperiidae","L.Ponisio"
"140","Hesperia_comma","PL","081012","299","skipper","","","purple flower","Glandularia bipinnatifida",2,1,"HLS","","","","EMEC_SI_PL_081012_299","Hesperia comma ","Hesperia","Hesperiidae","L.Ponisio"
"141","Hesperia_comma","PL","080912","375","skipper","","","thistle","Cirsium parryi",1,1,"LCP","","","","EMEC_SI_PL_080912_375","Hesperia comma ","Hesperia","Hesperiidae","L.Ponisio"
"142","Hesperia_comma","PL","081112","108","skipper","","","purple flower","Glandularia bipinnatifida",3,1,"HLS","","","","EMEC_SI_PL_081112_108","Hesperia comma ","Hesperia","Hesperiidae","L.Ponisio"
"143","Hesperia_comma","PL","081212","247","skipper","","","purple flower","Glandularia bipinnatifida",4,1,"LCP","","","","EMEC_SI_PL_081212_247","Hesperia comma ","Hesperia","Hesperiidae","L.Ponisio"
"144","Hesperia_comma","PL","080912","386","skipper","","","big yellow aster","Hymenoxys hoopesii",1,1,"HLS","","","","EMEC_SI_PL_080912_386","Hesperia comma ","Hesperia","Hesperiidae","L.Ponisio"
"145","Hesperia_comma","PL","081212","249","skipper","","","purple flower","Glandularia bipinnatifida",4,1,"LCP","","","","EMEC_SI_PL_081212_249","Hesperia comma ","Hesperia","Hesperiidae","L.Ponisio"
"146","Hesperia_comma","PL","081112","112","skipper","","","purple flower","Glandularia bipinnatifida",3,1,"HLS","","","","EMEC_SI_PL_081112_112","Hesperia comma ","Hesperia","Hesperiidae","L.Ponisio"
"147","Hesperia_comma","PL","081212","245","skipper","","","purple penstamen","Penstemon strictus",4,1,"LCP","","","","EMEC_SI_PL_081212_245","Hesperia comma ","Hesperia","Hesperiidae","L.Ponisio"
"148","Hesperia_comma","PL","081012","298","skipper","","","purple flower","Glandularia bipinnatifida",2,1,"HLS","","","","EMEC_SI_PL_081012_298","Hesperia comma ","Hesperia","Hesperiidae","L.Ponisio"
"149","Hesperia_comma","PL","080912","369","skipper","","","purple flower","Glandularia bipinnatifida",1,1,"LCP","","","","EMEC_SI_PL_080912_369","Hesperia comma ","Hesperia","Hesperiidae","L.Ponisio"
"150","Hesperia_comma","PL","080912","357","skipper","","","thistle","Cirsium parryi",1,1,"HLS","","","","EMEC_SI_PL_080912_357","Hesperia comma ","Hesperia","Hesperiidae","L.Ponisio"
"151","Hesperia_comma","PL","080912","417","skipper","","","purple flower","Glandularia bipinnatifida",1,1,"HLS","","","","EMEC_SI_PL_080912_417","Hesperia comma ","Hesperia","Hesperiidae","L.Ponisio"
"152","Hesperia_comma","PL","081012","310","skipper","","","purple flower","Glandularia bipinnatifida",2,1,"HLS","","","","EMEC_SI_PL_081012_310","Hesperia comma ","Hesperia","Hesperiidae","L.Ponisio"
"153","Hesperia_comma","PL","081012","296","skipper","","","purple flower","Glandularia bipinnatifida",2,1,"LCP","","","","EMEC_SI_PL_081012_296","Hesperia comma ","Hesperia","Hesperiidae","L.Ponisio"
"154","Hesperia_comma","PL","081212","231","skipper","","","purple penstamen","Penstemon strictus",4,1,"HLS","","","","EMEC_SI_PL_081212_231","Hesperia comma ","Hesperia","Hesperiidae","L.Ponisio"
"155","Hesperia_comma","PL","081312","269","skipper","","","big yellow aster","Hymenoxys hoopesii",5,1,"LCP","","","","EMEC_SI_PL_081312_269","Hesperia comma ","Hesperia","Hesperiidae","L.Ponisio"
"156","Hesperia_comma","PL","080912","361","skipper","","","purple flower","Glandularia bipinnatifida",1,1,"LCP","","","","EMEC_SI_PL_080912_361","Hesperia comma ","Hesperia","Hesperiidae","L.Ponisio"
"157","Hesperia_comma","PL","080912","424","skipper","","","purple flower","Glandularia bipinnatifida",1,1,"HLS","","","","EMEC_SI_PL_080912_424","Hesperia comma ","Hesperia","Hesperiidae","L.Ponisio"
"158","Hesperia_comma","PL","081012","313","skipper","","","big yellow aster","Hymenoxys hoopesii",2,1,"HLS","","","","EMEC_SI_PL_081012_313","Hesperia comma ","Hesperia","Hesperiidae","L.Ponisio"
"159","Hesperia_comma","PL","081012","294","skipper","","","purple flower","Glandularia bipinnatifida",2,1,"LCP","","","","EMEC_SI_PL_081012_294","Hesperia comma ","Hesperia","Hesperiidae","L.Ponisio"
"160","Hesperia_comma","PL","080912","274","bee","","","little pink","Cerastium nutans",1,1,"LCP","","","","EMEC_SI_PL_080912_274","Hesperia comma ","Hesperia","Hesperiidae","L.Ponisio"
"161","Hesperia_comma","PL","081012","295","skipper","","","purple flower","Glandularia bipinnatifida",2,1,"LCP","","","","EMEC_SI_PL_081012_295","Hesperia comma ","Hesperia","Hesperiidae","L.Ponisio"
"162","Hesperia_comma","PL","081112","109","skipper","","","purple flower","Glandularia bipinnatifida",3,1,"HLS","","","","EMEC_SI_PL_081112_109","Hesperia comma ","Hesperia","Hesperiidae","L.Ponisio"
"163","Hesperia_comma","JC","071612","143","skipper","","","Erigeron subtrinervis","Erigeron subtrinervis",5,1,"LCP","","","","EMEC_SI_JC_071612_143","Hesperia comma ","Hesperia","Hesperiidae","L.Ponisio"
"164","Hesperia_comma","PL","081212","229","skipper","","","big yellow aster","Hymenoxys hoopesii",4,1,"HLS","","","","EMEC_SI_PL_081212_229","Hesperia comma ","Hesperia","Hesperiidae","L.Ponisio"
"165","Hesperia_comma","PL","081112","113","skipper","","","purple flower","Glandularia bipinnatifida",3,1,"HLS","","","","EMEC_SI_PL_081112_113","Hesperia comma ","Hesperia","Hesperiidae","L.Ponisio"
"166","Hesperia_comma","PL","081112","130","skipper","","","purple flower","Glandularia bipinnatifida",3,1,"HLS","","","","EMEC_SI_PL_081112_130","Hesperia comma ","Hesperia","Hesperiidae","L.Ponisio"
"167","Hesperia_comma","PL","080912","422","skipper","","","purple flower","Glandularia bipinnatifida",1,1,"HLS","","","","EMEC_SI_PL_080912_422","Hesperia comma ","Hesperia","Hesperiidae","L.Ponisio"
"168","Hesperia_comma","PL","080912","418","skipper","","","purple flower","Glandularia bipinnatifida",1,1,"HLS","","","","EMEC_SI_PL_080912_418","Hesperia comma ","Hesperia","Hesperiidae","L.Ponisio"
"169","Hesperia_comma","PL","080912","421","skipper","","","big yellow aster","Hymenoxys hoopesii",1,1,"HLS","","","","EMEC_SI_PL_080912_421","Hesperia comma ","Hesperia","Hesperiidae","L.Ponisio"
"170","Hesperia_comma","PL","080912","416","skipper","","","big yellow aster","Hymenoxys hoopesii",1,1,"HLS","","","","EMEC_SI_PL_080912_416","Hesperia comma ","Hesperia","Hesperiidae","L.Ponisio"
"171","Hesperia_pahaska","PL","080912","426","skipper","","","purple flower","Glandularia bipinnatifida",1,1,"HLS","","","","EMEC_SI_PL_080912_426","Hesperia pahaska","Hesperia","Hesperiidae","L.Ponisio"
"172","Hesperia_pahaska","PL","081312","263","skipper","","","purple flower","Glandularia bipinnatifida",5,1,"HLS","","","","EMEC_SI_PL_081312_263","Hesperia pahaska","Hesperia","Hesperiidae","L.Ponisio"
"173","Hesperia_pahaska","PL","081112","254","skipper","","","purple flower","Glandularia bipinnatifida",3,1,"LCP","","","","EMEC_SI_PL_081112_254","Hesperia pahaska","Hesperia","Hesperiidae","L.Ponisio"
"174","Hesperia_pahaska","PL","081212","237","skipper","","","white geranium","Geranium viscosissimum",4,1,"HLS","","","","EMEC_SI_PL_081212_237","Hesperia pahaska","Hesperia","Hesperiidae","L.Ponisio"
"175","Hesperia_pahaska","PL","080912","360","skipper","","","big yellow aster","Hymenoxys hoopesii",1,1,"HLS","","","","EMEC_SI_PL_080912_360","Hesperia pahaska","Hesperia","Hesperiidae","L.Ponisio"
"176","Hesperia_pahaska","PL","081212","238","skipper","","","purple flower","Glandularia bipinnatifida",4,1,"HLS","","","","EMEC_SI_PL_081212_238","Hesperia pahaska","Hesperia","Hesperiidae","L.Ponisio"
"177","Hesperia_pahaska","PL","081312","262","skipper","","","purple flower","Glandularia bipinnatifida",5,1,"HLS","","","","EMEC_SI_PL_081312_262","Hesperia pahaska","Hesperia","Hesperiidae","L.Ponisio"
"178","Hesperia_pahaska","PL","081012","312","skipper","","","big yellow aster","Hymenoxys hoopesii",2,1,"HLS","","","","EMEC_SI_PL_081012_312","Hesperia pahaska","Hesperia","Hesperiidae","L.Ponisio"
"179","Hesperia_pahaska","PL","081012","230","fly","","","white poof","Polygonum bistortoides",2,1,"HLS","","","","EMEC_SI_PL_081012_230","Hesperia pahaska","Hesperia","Hesperiidae","L.Ponisio"
"180","Hesperia_pahaska","PL","081212","250","skipper","","","purple flower","Glandularia bipinnatifida",4,1,"LCP","","","","EMEC_SI_PL_081212_250","Hesperia pahaska","Hesperia","Hesperiidae","L.Ponisio"
"181","Hesperia_pahaska","PL","080912","366","skipper","","","purple flower","Glandularia bipinnatifida",1,1,"LCP","","","","EMEC_SI_PL_080912_366","Hesperia pahaska","Hesperia","Hesperiidae","L.Ponisio"
"182","Hesperia_pahaska","PL","081112","131","skipper","","","purple flower","Glandularia bipinnatifida",3,1,"HLS","","","","EMEC_SI_PL_081112_131","Hesperia pahaska","Hesperia","Hesperiidae","L.Ponisio"
"183","Hesperia_pahaska","PL","081112","253","blue","","","big yellow aster","Hymenoxys hoopesii",3,1,"LCP","","","","EMEC_SI_PL_081112_253","Hesperia pahaska","Hesperia","Hesperiidae","L.Ponisio"
"184","Hesperia_pahaska","PL","081112","133","skipper","","","purple flower","Glandularia bipinnatifida",3,1,"HLS","","","","EMEC_SI_PL_081112_133","Hesperia pahaska","Hesperia","Hesperiidae","L.Ponisio"
"185","Hesperia_pahaska","PL","081112","132","skipper","","","purple flower","Glandularia bipinnatifida",3,1,"HLS","","","","EMEC_SI_PL_081112_132","Hesperia pahaska","Hesperia","Hesperiidae","L.Ponisio"
"186","Hesperia_pahaska","PL","081012","304","skipper","","","big yellow aster","Hymenoxys hoopesii",2,1,"LCP","","","","EMEC_SI_PL_081012_304","Hesperia pahaska","Hesperia","Hesperiidae","L.Ponisio"
"187","Hesperia_pahaska","PL","081312","247","skipper","","","purple thistle","Cirsium arizonicum var. arizonicum",5,1,"HLS","","","","EMEC_SI_PL_081312_247","Hesperia pahaska","Hesperia","Hesperiidae","L.Ponisio"
"188","Hesperia_pahaska","PL","081012","309","skipper","","","purple flower","Glandularia bipinnatifida",2,1,"HLS","","","","EMEC_SI_PL_081012_309","Hesperia pahaska","Hesperia","Hesperiidae","L.Ponisio"
"189","Hesperia_pahaska","PL","080912","363","skipper","","","purple flower","Glandularia bipinnatifida",1,1,"LCP","","","","EMEC_SI_PL_080912_363","Hesperia pahaska","Hesperia","Hesperiidae","L.Ponisio"
"190","Hesperia_pahaska","PL","081312","245","skipper","","","yellow pond flower","Hypericum scouleri",5,1,"HLS","","","","EMEC_SI_PL_081312_245","Hesperia pahaska","Hesperia","Hesperiidae","L.Ponisio"
"191","Hesperia_pahaska","PL","081112","111","skipper","","","purple flower","Glandularia bipinnatifida",3,1,"HLS","","","","EMEC_SI_PL_081112_111","Hesperia pahaska","Hesperia","Hesperiidae","L.Ponisio"
"192","Hesperia_pahaska","PL","081012","306","skipper","","","purple flower","Glandularia bipinnatifida",2,1,"LCP","","","","EMEC_SI_PL_081012_306","Hesperia pahaska","Hesperia","Hesperiidae","L.Ponisio"
"193","Hesperia_pahaska","PL","080912","367","skipper","","","purple flower","Glandularia bipinnatifida",1,1,"LCP","","","","EMEC_SI_PL_080912_367","Hesperia pahaska","Hesperia","Hesperiidae","L.Ponisio"
"194","Hesperia_pahaska","PL","081012","314","skipper","","","big yellow aster","Hymenoxys hoopesii",2,1,"HLS","","","","EMEC_SI_PL_081012_314","Hesperia pahaska","Hesperia","Hesperiidae","L.Ponisio"
"195","Hesperia_pahaska","PL","080912","423","skipper","","","purple flower","Glandularia bipinnatifida",1,1,"HLS","","","","EMEC_SI_PL_080912_423","Hesperia pahaska","Hesperia","Hesperiidae","L.Ponisio"
"196","Hesperia_pahaska","PL","081012","311","skipper","","","purple flower","Glandularia bipinnatifida",2,1,"HLS","","","","EMEC_SI_PL_081012_311","Hesperia pahaska","Hesperia","Hesperiidae","L.Ponisio"
"197","Hesperia_pahaska","PL","080912","425","skipper","","","purple flower","Glandularia bipinnatifida",1,1,"HLS","","","","EMEC_SI_PL_080912_425","Hesperia pahaska","Hesperia","Hesperiidae","L.Ponisio"
"198","Hesperia_pahaska","PL","080912","420","skipper","","","purple flower","Glandularia bipinnatifida",1,1,"HLS","","","","EMEC_SI_PL_080912_420","Hesperia pahaska","Hesperia","Hesperiidae","L.Ponisio"
"199","Hesperia_pahaska","PL","081312","271","skipper","","","purple flower","Glandularia bipinnatifida",5,1,"LCP","","","","EMEC_SI_PL_081312_271","Hesperia pahaska","Hesperia","Hesperiidae","L.Ponisio"
"200","Hesperia_pahaska","PL","081112","115","skipper","","","purple flower","Glandularia bipinnatifida",3,1,"HLS","","","","EMEC_SI_PL_081112_115","Hesperia pahaska","Hesperia","Hesperiidae","L.Ponisio"
"201","Hesperia_pahaska","PL","081112","285","vanessa","","","thistle","Cirsium parryi",3,1,"HLS","","","","EMEC_SI_PL_081112_285","Hesperia pahaska","Hesperia","Hesperiidae","L.Ponisio"
"202","Hesperia_pahaska","PL","081012","302","skipper","","","purple flower","Glandularia bipinnatifida",2,1,"HLS","","","","EMEC_SI_PL_081012_302","Hesperia pahaska","Hesperia","Hesperiidae","L.Ponisio"
"203","Hesperia_pahaska","PL","080912","393","skipper","","","purple flower","Glandularia bipinnatifida",1,1,"HLS","","","","EMEC_SI_PL_080912_393","Hesperia pahaska","Hesperia","Hesperiidae","L.Ponisio"
"204","Hesperia_pahaska","PL","080912","365","skipper","","","purple flower","Glandularia bipinnatifida",1,1,"LCP","","","","EMEC_SI_PL_080912_365","Hesperia pahaska","Hesperia","Hesperiidae","L.Ponisio"
"205","Hesperia_pahaska","PL","080912","368","skipper","","","purple flower","Glandularia bipinnatifida",1,1,"LCP","","","","EMEC_SI_PL_080912_368","Hesperia pahaska","Hesperia","Hesperiidae","L.Ponisio"
"206","Hesperia_pahaska","PL","081112","114","skipper","","","purple flower","Glandularia bipinnatifida",3,1,"HLS","","","","EMEC_SI_PL_081112_114","Hesperia pahaska","Hesperia","Hesperiidae","L.Ponisio"
"207","Hesperia_pahaska","PL","081212","232","skipper","","","purple penstamen","Penstemon strictus",4,1,"HLS","","","","EMEC_SI_PL_081212_232","Hesperia pahaska","Hesperia","Hesperiidae","L.Ponisio"
"208","Hesperia_pahaska","PL","081312","270","skipper","","","purple flower","Glandularia bipinnatifida",5,1,"LCP","","","","EMEC_SI_PL_081312_270","Hesperia pahaska","Hesperia","Hesperiidae","L.Ponisio"
"209","Hyles_lineata","PL","081112","135","moth","","","purple flower","Glandularia bipinnatifida",3,1,"HLS","","","","EMEC_SI_PL_081112_135","Hyles lineata","Hyles","Sphingidae","L.Ponisio"
"210","Hyles_lineata","CH","082112","195","hawk moth","","","purple flower","Glandularia bipinnatifida",4,1,"LCP","","","","EMEC_SI_CH_082112_195","Hyles lineata","Hyles","Sphingidae","L.Ponisio"
"211","Hyles_lineata","PL","081212","256","moth","","","purple flower","Glandularia bipinnatifida",4,1,"HLS","","","","EMEC_SI_PL_081212_256","Hyles lineata","Hyles","Sphingidae","L.Ponisio"
"212","Hyles_lineata","PL","081312","265","hawk moth","Hyles lineata","","purple flower","Glandularia bipinnatifida",5,1,"HLS","","","Specimen destroyed","EMEC_SI_PL_081312_265","Hyles lineata","Hyles","Sphingidae","L.Ponisio"
"213","Hyles_lineata","CH","082012","182","frittlry","","","purple flower","Glandularia bipinnatifida",3,1,"LCP","","","","EMEC_SI_CH_082012_182","Hyles lineata","Hyles","Sphingidae","L.Ponisio"
"214","Hyles_lineata","PL","081012","1","moth","","","purple flower","Glandularia bipinnatifida",2,1,"LCP","","","","EMEC_SI_PL_081012_1","Hyles lineata","Hyles","Sphingidae","L.Ponisio"
"215","Hyles_lineata","PL","081112","134","moth","","","purple flower","Glandularia bipinnatifida",3,1,"HLS","","","","EMEC_SI_PL_081112_134","Hyles lineata","Hyles","Sphingidae","L.Ponisio"
"216","Hyles_lineata","PL","081312","258","hawk moth","Hyles lineata","","purple flower","Glandularia bipinnatifida",5,1,"LCP","","","Specimen destroyed","EMEC_SI_PL_081312_258","Hyles lineata","Hyles","Sphingidae","L.Ponisio"
"217","Hyles_lineata","PL","081312","260","hawk moth","Hyles lineata","","purple penstamen","Penstemon strictus",5,1,"LCP","","","Specimen destroyed","EMEC_SI_PL_081312_260","Hyles lineata","Hyles","Sphingidae","L.Ponisio"
"218","Hyles_lineata","PL","080912","341","moth","","","purple flower","Glandularia bipinnatifida",1,1,"LCP","","","","EMEC_SI_PL_080912_341","Hyles lineata","Hyles","Sphingidae","L.Ponisio"
"219","Hyles_lineata","PL","081012","2","moth","","","purple flower","Glandularia bipinnatifida",2,1,"LCP","","","","EMEC_SI_PL_081012_2","Hyles lineata","Hyles","Sphingidae","L.Ponisio"
"220","Hyles_lineata","PL","080912","347","moth","","","purple flower","Glandularia bipinnatifida",1,1,"HLS","","","","EMEC_SI_PL_080912_347","Hyles lineata","Hyles","Sphingidae","L.Ponisio"
"221","Hyles_lineata","PL","081312","266","hawk moth","Hyles lineata","","purple flower","Glandularia bipinnatifida",5,1,"HLS","","","Specimen destroyed","EMEC_SI_PL_081312_266","Hyles lineata","Hyles","Sphingidae","L.Ponisio"
"222","Hyles_lineata","PL","081212","254","moth","","","purple flower","Glandularia bipinnatifida",4,1,"HLS","","","","EMEC_SI_PL_081212_254","Hyles lineata","Hyles","Sphingidae","L.Ponisio"
"223","Hyles_lineata","PL","081312","257","hawk moth","Hyles lineata","","purple flower","Glandularia bipinnatifida",5,1,"LCP","","","Specimen destroyed","EMEC_SI_PL_081312_257","Hyles lineata","Hyles","Sphingidae","L.Ponisio"
"224","Hyles_lineata","PL","081212","252","moth","","","purple flower","Glandularia bipinnatifida",4,1,"LCP","","","","EMEC_SI_PL_081212_252","Hyles lineata","Hyles","Sphingidae","L.Ponisio"
"225","Hyles_lineata","CH","082112","197","hawk moth","","","purple flower","Glandularia bipinnatifida",4,2,"HLS","","","","EMEC_SI_CH_082112_197","Hyles lineata","Hyles","Sphingidae","L.Ponisio"
"226","Hyles_lineata","CH","082112","196","hawk moth","","","purple flower","Glandularia bipinnatifida",4,1,"HLS","","","","EMEC_SI_CH_082112_196","Hyles lineata","Hyles","Sphingidae","L.Ponisio"
"227","Hyles_lineata","CH","082112","191","hawk moth","","","purple flower","Glandularia bipinnatifida",4,2,"LCP","","","","EMEC_SI_CH_082112_191","Hyles lineata","Hyles","Sphingidae","L.Ponisio"
"228","Hyles_lineata","PL","081212","255","moth","","","purple flower","Glandularia bipinnatifida",4,1,"HLS","","","","EMEC_SI_PL_081212_255","Hyles lineata","Hyles","Sphingidae","L.Ponisio"
"229","Hyles_lineata","CH","081812","7","hawk moth","","","spike mint","Monarda citriodora spp. Austromontana",1,1,"LCP","","","","EMEC_SI_CH_081812_7","Hyles lineata","Hyles","Sphingidae","L.Ponisio"
"230","Hyles_lineata","PL","081212","253","moth","","","purple flower","Glandularia bipinnatifida",4,1,"LCP","","","","EMEC_SI_PL_081212_253","Hyles lineata","Hyles","Sphingidae","L.Ponisio"
"231","Hyles_lineata","PL","080912","342","moth","","","purple flower","Glandularia bipinnatifida",1,1,"LCP","","","","EMEC_SI_PL_080912_342","Hyles lineata","Hyles","Sphingidae","L.Ponisio"
"232","Hyles_lineata","CH","082112","193","hawk moth","","","purple flower","Glandularia bipinnatifida",4,2,"LCP","","","","EMEC_SI_CH_082112_193","Hyles lineata","Hyles","Sphingidae","L.Ponisio"
"233","Hyles_lineata","CH","082112","194","hawk moth","","","purple flower","Glandularia bipinnatifida",4,2,"LCP","","","","EMEC_SI_CH_082112_194","Hyles lineata","Hyles","Sphingidae","L.Ponisio"
"234","Hyles_lineata","PL","080912","343","moth","","","purple flower","Glandularia bipinnatifida",1,1,"LCP","","","","EMEC_SI_PL_080912_343","Hyles lineata","Hyles","Sphingidae","L.Ponisio"
"235","Hyles_lineata","PL","080912","348","moth","","","purple flower","Glandularia bipinnatifida",1,1,"HLS","","","","EMEC_SI_PL_080912_348","Hyles lineata","Hyles","Sphingidae","L.Ponisio"
"236","Hyles_lineata","CH","082112","192","hawk moth","","","purple flower","Glandularia bipinnatifida",4,2,"LCP","","","","EMEC_SI_CH_082112_192","Hyles lineata","Hyles","Sphingidae","L.Ponisio"
"237","Hyles_lineata","CH","082112","190","hawk moth","","","purple flower","Glandularia bipinnatifida",4,2,"LCP","","","","EMEC_SI_CH_082112_190","Hyles lineata","Hyles","Sphingidae","L.Ponisio"
"238","Leptotes_marina","PL","080912","415","blue","","","yarrow","Achillea millefolium",1,1,"LCP","","","","EMEC_SI_PL_080912_415","Leptotes marina ","Leptotes","Lycaenidae","L.Ponisio"
"239","Leptotes_marina","CH","082112","212","blue","","","scarlet bee blossum","Gaura coccinea",4,1,"HLS","","","","EMEC_SI_CH_082112_212","Leptotes marina ","Leptotes","Lycaenidae","L.Ponisio"
"240","Leptotes_marina","MM","080312","210","blue","","","erigeron","Erigeron formosissimus",4,1,"LCP","","","","EMEC_SI_MM_080312_210","Leptotes marina ","Leptotes","Lycaenidae","L.Ponisio"
"241","Leptotes_marina","CH","082012","201","blue","","","purple flower","Glandularia bipinnatifida",3,2,"HLS","","","","EMEC_SI_CH_082012_201","Leptotes marina ","Leptotes","Lycaenidae","L.Ponisio"
"242","Libytheana_carinenta","PL","081312","274","dog face","","","purple flower","Glandularia bipinnatifida",5,1,"LCP","","","","EMEC_SI_PL_081312_274","Libytheana carinenta","Libytheana","Nymphalidae","L.Ponisio"
"243","Limenitis_bredowii","CH","082012","192","california sisters","","","giant white carrot 2","Psacalium decompositum",3,1,"HLS","","","","EMEC_SI_CH_082012_192","Limenitis bredowii ","Limenitis","Nymphalidae","L.Ponisio"
"244","Limenitis_bredowii","CH","082012","163","california sisters","","","giant white carrot 2","Psacalium decompositum",3,1,"LCP","","","","EMEC_SI_CH_082012_163","Limenitis bredowii ","Limenitis","Nymphalidae","L.Ponisio"
"245","Limenitis_bredowii","CH","081812","20","nymphalidae","","","giant white carrot 2","Psacalium decompositum",1,1,"HLS","","","","EMEC_SI_CH_081812_20","Limenitis bredowii ","Limenitis","Nymphalidae","L.Ponisio"
"246","Limenitis_bredowii","CH","082012","164","california sisters","","","giant white carrot 2","Psacalium decompositum",3,1,"LCP","","","","EMEC_SI_CH_082012_164","Limenitis bredowii ","Limenitis","Nymphalidae","L.Ponisio"
"247","Limenitis_bredowii","CH","082012","195","california sisters","","","giant white carrot 2","Psacalium decompositum",3,2,"HLS","","","","EMEC_SI_CH_082012_195","Limenitis bredowii ","Limenitis","Nymphalidae","L.Ponisio"
"248","Limenitis_bredowii","CH","082112","184","california sisters","","","giant white carrot 2","Psacalium decompositum",4,1,"HLS","","","","EMEC_SI_CH_082112_184","Limenitis bredowii ","Limenitis","Nymphalidae","L.Ponisio"
"249","Ministrymon_leda","SC","072012","330","blue","","","Erigeron subtrinervis","Erigeron subtrinervis",1,1,"","","","","EMEC_SI_SC_072012_330","Ministrymon leda","Ministrymon","Lycaenidae","L.Ponisio"
"250","Nathalis_iole","JC","071512","14","small sulfur","Nathalis iole","","Erigeron subtrinervis","Erigeron subtrinervis",4,1,"LCP","","","","EMEC_SI_JC_071512_14","Nathalis iole","Nathalis","Pieridae","L.Ponisio"
"251","Nathalis_iole","MM","080212","323","sulfur","","","yellow aster","Heterothece pumila",3,2,"HLS","","","","EMEC_SI_MM_080212_323","Nathalis iole","Nathalis","Pieridae","L.Ponisio"
"252","Nathalis_iole","MM","080212","320","moth","","","oregano","Monardella odoratissima",3,2,"HLS","","","","EMEC_SI_MM_080212_320","Nathalis iole","Nathalis","Pieridae","L.Ponisio"
"253","Nathalis_iole","JC","071612","7","sulfur","Nathalis iole","","Erigeron subtrinervis","Erigeron subtrinervis",5,1,"HLS","","","","EMEC_SI_JC_071612_7","Nathalis iole","Nathalis","Pieridae","L.Ponisio"
"254","Nathalis_iole","SC","072812","107","sulfur","","","Erigeron subtrinervis","Erigeron subtrinervis",6,1,"LCP","","","","EMEC_SI_SC_072812_107","Nathalis iole","Nathalis","Pieridae","L.Ponisio"
"255","Nathalis_iole","JC","071712","187","Sulfur","Nathalis iole","","Erigeron subtrinervis","Erigeron subtrinervis",6,1,"LCP","","","","EMEC_SI_JC_071712_187","Nathalis iole","Nathalis","Pieridae","L.Ponisio"
"256","Neophasia_menapia","SC","072012","326","white","Neophasia menapia","m","Goldenrod","Solidago multiradiata",1,1,"LCP","","","","EMEC_SI_SC_072012_326","Neophasia menapia","Neophasia","Pieridae","L.Ponisio"
"257","Ochlodes_snowi","PL","081212","248","skipper","","","purple flower","Glandularia bipinnatifida",4,1,"LCP","","","","EMEC_SI_PL_081212_248","Ochlodes snowi","Ochlodes","Hesperiidae","L.Ponisio"
"258","Ochlodes_snowi","PL","081312","249","skipper","","","purple flower","Glandularia bipinnatifida",5,1,"HLS","","","","EMEC_SI_PL_081312_249","Ochlodes snowi","Ochlodes","Hesperiidae","L.Ponisio"
"259","Papilio_multicaudata","PL","081112","251","tiger swallow tail","","","wall flower","Erysimum capitatum",3,1,"LCP","","","","EMEC_SI_PL_081112_251","Papilio multicaudata","Papilio","Papilionidae","L.Ponisio"
"260","Papilio_polyxenes","PL","081212","276","swallow tail","","","purple flower","Glandularia bipinnatifida",4,1,"HLS","","","","EMEC_SI_PL_081212_276","Papilio polyxenes","Papilio","Papilionidae","L.Ponisio"
"261","Papilio_polyxenes","CH","082212","88","swallow tail","","","purple flower","Glandularia bipinnatifida",5,1,"LCP","","","","EMEC_SI_CH_082212_88","Papilio polyxenes","Papilio","Papilionidae","L.Ponisio"
"262","Papilio_polyxenes","PL","081112","271","swallow tail","","","thistle","Cirsium parryi",3,1,"HLS","","","","EMEC_SI_PL_081112_271","Papilio polyxenes","Papilio","Papilionidae","L.Ponisio"
"263","Papilio_polyxenes","PL","081212","280","swallow tail","","","purple flower","Glandularia bipinnatifida",4,1,"HLS","","","","EMEC_SI_PL_081212_280","Papilio polyxenes","Papilio","Papilionidae","L.Ponisio"
"264","Papilio_polyxenes","PL","080912","352","swallowtail","","","purple flower","Glandularia bipinnatifida",1,1,"HLS","","","","EMEC_SI_PL_080912_352","Papilio polyxenes","Papilio","Papilionidae","L.Ponisio"
"265","Phyciodes_tharos","PL","080912","414","checker spot","","","big yellow aster","Hymenoxys hoopesii",1,1,"LCP","","","","EMEC_SI_PL_080912_414","Phyciodes tharos","Phyciodes","Nymphalidae","L.Ponisio"
"266","Phyciodes_tharos","PL","080912","387","checker spot","","","big yellow aster","Hymenoxys hoopesii",1,1,"HLS","","","","EMEC_SI_PL_080912_387","Phyciodes tharos","Phyciodes","Nymphalidae","L.Ponisio"
"267","Phyciodes_tharos","CH","082012","186","frittlry","","","yellow aster","Heliomeris multiflora var. nevadensis",3,1,"LCP","","","","EMEC_SI_CH_082012_186","Phyciodes tharos","Phyciodes","Nymphalidae","L.Ponisio"
"268","Phyciodes_tharos","PL","081012","339","checkerspot","","","big yellow aster","Hymenoxys hoopesii",2,1,"HLS","","","","EMEC_SI_PL_081012_339","Phyciodes tharos","Phyciodes","Nymphalidae","L.Ponisio"
"269","Phyciodes_tharos","PL","081312","243","field crescent","","","big yellow aster","Hymenoxys hoopesii",5,1,"HLS","","","","EMEC_SI_PL_081312_243","Phyciodes tharos","Phyciodes","Nymphalidae","L.Ponisio"
"270","Plebejus_acmon","SC","072612","285","Blue","","","Potentilla hippiana","Potentilla hippiana",4,1,"HLS","","","","EMEC_SI_SC_072612_285","Plebejus acmon","Plebejus","Lycaenidae","L.Ponisio"
"271","Plebejus_acmon","SC","072712","270","Blue","","","Erigeron subtrinervis","Erigeron subtrinervis",5,1,"HLS","","","","EMEC_SI_SC_072712_270","Plebejus acmon","Plebejus","Lycaenidae","L.Ponisio"
"272","Plebejus_acmon","SC","072012","329","blue","","","Potentilla hippiana","Potentilla hippiana",1,1,"","","","","EMEC_SI_SC_072012_329","Plebejus acmon","Plebejus","Lycaenidae","L.Ponisio"
"273","Plebejus_acmon","SC","072012","328","blue","","","short senecio","Hymenoxys richardsonii",1,1,"LCP","","","","EMEC_SI_SC_072012_328","Plebejus acmon","Plebejus","Lycaenidae","L.Ponisio"
"274","Plebejus_glandon","JC","071712","4","copper","Plebejus glandon","","Erigeron subtrinervis","Erigeron subtrinervis",6,1,"LCP","","","","EMEC_SI_JC_071712_4","Plebejus glandon","Plebejus","Lycaenidae","L.Ponisio"
"275","Poanes_zabulon_sp_taxiles","SC","072012","324","skipper","","","pea","Oxytropis lambertii",1,1,"HLS","","","","EMEC_SI_SC_072012_324","Poanes zabulon sp. taxiles","Poanes","Hesperiidae","L.Ponisio"
"276","Polygonia_gracilis","MM","080412","247","polygonia","","","oregano","Monardella odoratissima",5,1,"HLS","","","","EMEC_SI_MM_080412_247","Polygonia gracilis","Polygonia","Nymphalidae","L.Ponisio"
"277","Polygonia_gracilis","MM","080212","336","polygonia","","","yellow brassica","Erysimum capitatum",3,2,"HLS","","","","EMEC_SI_MM_080212_336","Polygonia gracilis","Polygonia","Nymphalidae","L.Ponisio"
"278","Polygonia_gracilis","MM","080212","334","polygonia","","","yellow brassica","Erysimum capitatum",3,1,"HLS","","","","EMEC_SI_MM_080212_334","Polygonia gracilis","Polygonia","Nymphalidae","L.Ponisio"
"279","Polygonia_gracilis","SC","072912","123","Poligonia","","","Potentilla hippiana","Potentilla hippiana",7,1,"LCP","","","","EMEC_SI_SC_072912_123","Polygonia gracilis","Polygonia","Nymphalidae","L.Ponisio"
"280","Polygonia_gracilis","CH","082012","166","polygonia","","","giant white carrot 2","Psacalium decompositum",3,1,"LCP","","","","EMEC_SI_CH_082012_166","Polygonia gracilis","Polygonia","Nymphalidae","L.Ponisio"
"281","Polygonia_gracilis","MM","080212","328","polygonia","","","oregano","Monardella odoratissima",3,2,"HLS","","","","EMEC_SI_MM_080212_328","Polygonia gracilis","Polygonia","Nymphalidae","L.Ponisio"
"282","Polygonia_gracilis","MM","080212","327","polygonia","","","oregano","Monardella odoratissima",3,1,"HLS","","","","EMEC_SI_MM_080212_327","Polygonia gracilis","Polygonia","Nymphalidae","L.Ponisio"
"283","Polygonia_gracilis","MM","080212","337","polygonia","","","yellow brassica","Erysimum capitatum",3,1,"HLS","","","","EMEC_SI_MM_080212_337","Polygonia gracilis","Polygonia","Nymphalidae","L.Ponisio"
"284","Polygonia_gracilis","CH","082012","165","polygonia","","","giant white carrot 2","Psacalium decompositum",3,1,"LCP","","","","EMEC_SI_CH_082012_165","Polygonia gracilis","Polygonia","Nymphalidae","L.Ponisio"
"285","Polygonia_gracilis","MM","080112","250","polygonia","","","oregano","Monardella odoratissima",2,1,"LCP","","","","EMEC_SI_MM_080112_250","Polygonia gracilis","Polygonia","Nymphalidae","L.Ponisio"
"286","Pontia_protodice","JC","071512","8","white","","","Erigeron subtrinervis","Erigeron subtrinervis",4,1,"LCP","","","","EMEC_SI_JC_071512_8","Pontia Protodice","Pontia","Pieridae","L.Ponisio"
"287","Pontia_protodice","CH","082112","202","checkerspot","","","beebalm","Monarda citriodora spp. austromontana",4,2,"LCP","","","","EMEC_SI_CH_082112_202","Pontia Protodice","Pontia","Pieridae","L.Ponisio"
"288","Pontia_protodice","JC","071212","130","pierid","","","Erigeron subtrinervis","Erigeron subtrinervis",2,1,"HLS","","","","EMEC_SI_JC_071212_130","Pontia Protodice","Pontia","Pieridae","L.Ponisio"
"289","Pontia_protodice","JC","071612","153","white","Pontia protodice","f","Hymenopappus newberryi","Hymenopappus newberryi",5,1,"LCP","","","","EMEC_SI_JC_071612_153","Pontia Protodice","Pontia","Pieridae","L.Ponisio"
"290","Pontia_protodice","JC","071512","10","white","","","Hymenopappus newberryi","Hymenopappus newberryi",4,1,"LCP","","","","EMEC_SI_JC_071512_10","Pontia Protodice","Pontia","Pieridae","L.Ponisio"
"291","Pontia_protodice","JC","071512","7","white","","","Erigeron subtrinervis","Erigeron subtrinervis",4,1,"LCP","","","","EMEC_SI_JC_071512_7","Pontia Protodice","Pontia","Pieridae","L.Ponisio"
"292","Pontia_protodice","JC","071612","13","white","","","Erigeron subtrinervis","Erigeron subtrinervis",5,1,"HLS","","","","EMEC_SI_JC_071612_13","Pontia Protodice","Pontia","Pieridae","L.Ponisio"
"293","Pontia_protodice","JC","071512","11","white","","","Hymenopappus newberryi","Hymenopappus newberryi",4,1,"LCP","","","","EMEC_SI_JC_071512_11","Pontia Protodice","Pontia","Pieridae","L.Ponisio"
"294","Pontia_protodice","JC","071412","27","pierid","","","Erigeron subtrinervis","Erigeron subtrinervis",3,1,"LCP","","","","EMEC_SI_JC_071412_27","Pontia Protodice","Pontia","Pieridae","L.Ponisio"
"295","Pontia_protodice","JC","071412","26","pierid","","","Erigeron subtrinervis","Erigeron subtrinervis",3,1,"LCP","","","","EMEC_SI_JC_071412_26","Pontia Protodice","Pontia","Pieridae","L.Ponisio"
"296","Pyrgus_commonis","PL","081212","239","checkerspot","","","purple flower","Glandularia bipinnatifida",4,1,"LCP","","","","EMEC_SI_PL_081212_239","Pyrgus commonis","Pyrgus","Hesperiidae","L.Ponisio"
"297","Pyrgus_commonis","JC","071512","119","Skipper","Pyrgus communis","","Erigeron subtrinervis","Erigeron subtrinervis",4,1,"HLS","","","","EMEC_SI_JC_071512_119","Pyrgus commonis","Pyrgus","Hesperiidae","L.Ponisio"
"298","Pyrgus_commonis","SC","072612","286","syrphid","","","Potentilla hippiana","Potentilla hippiana",4,1,"LCP","","","","EMEC_SI_SC_072612_286","Pyrgus commonis","Pyrgus","Hesperiidae","L.Ponisio"
"299","Pyrgus_commonis","PL","080912","359","skipper","","","big yellow aster","Hymenoxys hoopesii",1,1,"HLS","","","","EMEC_SI_PL_080912_359","Pyrgus commonis","Pyrgus","Hesperiidae","L.Ponisio"
"300","Pyrgus_commonis","PL","080912","419","skipper","","","purple flower","Glandularia bipinnatifida",1,1,"HLS","","","","EMEC_SI_PL_080912_419","Pyrgus commonis","Pyrgus","Hesperiidae","L.Ponisio"
"301","Pyrgus_commonis","CH","082012","196","skipper","","","cosmos","Cosmos parviflorus",3,2,"LCP","","","","EMEC_SI_CH_082012_196","Pyrgus commonis","Pyrgus","Hesperiidae","L.Ponisio"
"302","Pyrgus_commonis","PL","081012","303","skipper","","","purple bog flower","Prunella vulgaris",2,1,"LCP","","","","EMEC_SI_PL_081012_303","Pyrgus commonis","Pyrgus","Hesperiidae","L.Ponisio"
"303","Pyrgus_commonis","PL","081212","236","checkerspot","","","big yellow aster","Hymenoxys hoopesii",4,1,"HLS","","","","EMEC_SI_PL_081212_236","Pyrgus commonis","Pyrgus","Hesperiidae","L.Ponisio"
"304","Pyrgus_commonis","JC","071512","173","Skipper","Pyrgus communis","","Erigeron subtrinervis","Erigeron subtrinervis",4,1,"LCP","","","","EMEC_SI_JC_071512_173","Pyrgus commonis","Pyrgus","Hesperiidae","L.Ponisio"
"305","Speyeria_mormonia","JC","071712","2","Speyeria","","","Erigeron subtrinervis","Erigeron subtrinervis",6,1,"HLS","","","","EMEC_SI_JC_071712_2","Speyeria mormonia ","Speyeria","Nymphalidae","L.Ponisio"
"306","Strymon_melinus","JC","071712","7","blue","","","Senecio sp.","Senecio eremophilus",6,1,"LCP","","","","EMEC_SI_JC_071712_7","Strymon melinus"," Strymon","Lycaenidae","L.Ponisio"
"307","Strymon_melinus","JC","071712","186","Grey Hairstreak","","","Erigeron subtrinervis","Erigeron subtrinervis",6,1,"LCP","","","","EMEC_SI_JC_071712_186","Strymon melinus"," Strymon","Lycaenidae","L.Ponisio"
"308","Strymon_melinus","MM","073112","126","hairstreak","","","oregano","Monardella odoratissima",1,1,"HLS","","","","EMEC_SI_MM_073112_126","Strymon melinus"," Strymon","Lycaenidae","L.Ponisio"
"309","Strymon_melinus","PL","081212","302","hairstreak","","","purple flower","Glandularia bipinnatifida",4,1,"LCP","","","","EMEC_SI_PL_081212_302","Strymon melinus"," Strymon","Lycaenidae","L.Ponisio"
"310","Vanessa_atlanta","CH","082012","167","vanessa","","","giant white carrot 2","Psacalium decompositum",3,1,"LCP","","","","EMEC_SI_CH_082012_167","Vanessa atlanta","Vanessa","Nymphalidae","L.Ponisio"
"311","Vanessa_cardui","PL","081012","342","vanessa","","","thistle","Cirsium parryi",2,1,"HLS","","","","EMEC_SI_PL_081012_342","Vanessa cardui","Vanessa","Nymphalidae","L.Ponisio"
"312","Vanessa_cardui","PL","081012","330","vanessa","","","purple flower","Glandularia bipinnatifida",2,1,"HLS","","","","EMEC_SI_PL_081012_330","Vanessa cardui","Vanessa","Nymphalidae","L.Ponisio"
"313","Vanessa_cardui","PL","081112","259","vanessa","","","purple flower","Glandularia bipinnatifida",3,1,"LCP","","","","EMEC_SI_PL_081112_259","Vanessa cardui","Vanessa","Nymphalidae","L.Ponisio"
"314","Vanessa_cardui","PL","081112","282","vanessa","","","purple flower","Glandularia bipinnatifida",3,1,"HLS","","","","EMEC_SI_PL_081112_282","Vanessa cardui","Vanessa","Nymphalidae","L.Ponisio"
"315","Vanessa_cardui","MM","080112","240","vanessa","","","yellow brassica","Erysimum capitatum",2,1,"HLS","","","","EMEC_SI_MM_080112_240","Vanessa cardui","Vanessa","Nymphalidae","L.Ponisio"
"316","Vanessa_cardui","PL","081112","261","vanessa","","","purple flower","Glandularia bipinnatifida",3,1,"LCP","","","","EMEC_SI_PL_081112_261","Vanessa cardui","Vanessa","Nymphalidae","L.Ponisio"
"317","Vanessa_cardui","PL","081012","327","vanessa","","","purple flower","Glandularia bipinnatifida",2,1,"HLS","","","","EMEC_SI_PL_081012_327","Vanessa cardui","Vanessa","Nymphalidae","L.Ponisio"
"318","Vanessa_cardui","MM","073112","124","vanessa","","","yellow brassica","Erysimum capitatum",1,1,"HLS","","","","EMEC_SI_MM_073112_124","Vanessa cardui","Vanessa","Nymphalidae","L.Ponisio"
"319","Vanessa_cardui","PL","081012","318","vanessa","","","thistle","Cirsium parryi",2,1,"LCP","","","","EMEC_SI_PL_081012_318","Vanessa cardui","Vanessa","Nymphalidae","L.Ponisio"
"320","Vanessa_cardui","PL","081012","328","vanessa","","","purple flower","Glandularia bipinnatifida",2,1,"HLS","","","","EMEC_SI_PL_081012_328","Vanessa cardui","Vanessa","Nymphalidae","L.Ponisio"
"321","Vanessa_cardui","PL","081312","227","vanessa","","","thistle","Cirsium parryi",5,1,"HLS","","","","EMEC_SI_PL_081312_227","Vanessa cardui","Vanessa","Nymphalidae","L.Ponisio"
"322","Vanessa_cardui","PL","080912","427","Vanessa","","","purple flower","Glandularia bipinnatifida",1,1,"HLS","","","","EMEC_SI_PL_080912_427","Vanessa cardui","Vanessa","Nymphalidae","L.Ponisio"
"323","Vanessa_cardui","PL","081312","232","vanessa","","","purple flower","Glandularia bipinnatifida",5,1,"HLS","","","","EMEC_SI_PL_081312_232","Vanessa cardui","Vanessa","Nymphalidae","L.Ponisio"
"324","Vanessa_cardui","MM","080212","324","vanessa","","","yellow brassica","Erysimum capitatum",3,2,"LCP","","","","EMEC_SI_MM_080212_324","Vanessa cardui","Vanessa","Nymphalidae","L.Ponisio"
"325","Vanessa_cardui","CH","082012","183","vanessa","","","purple flower","Glandularia bipinnatifida",3,1,"LCP","","","","EMEC_SI_CH_082012_183","Vanessa cardui","Vanessa","Nymphalidae","L.Ponisio"
"326","Vanessa_cardui","PL","080912","351","vanessa","","","purple flower","Glandularia bipinnatifida",1,1,"HLS","","","","EMEC_SI_PL_080912_351","Vanessa cardui","Vanessa","Nymphalidae","L.Ponisio"
"327","Vanessa_cardui","PL","080912","398","vanessa","","","purple flower","Glandularia bipinnatifida",1,1,"LCP","","","","EMEC_SI_PL_080912_398","Vanessa cardui","Vanessa","Nymphalidae","L.Ponisio"
"328","Vanessa_cardui","PL","081012","338","vanessa","","","big yellow aster","Hymenoxys hoopesii",2,1,"HLS","","","","EMEC_SI_PL_081012_338","Vanessa cardui","Vanessa","Nymphalidae","L.Ponisio"
"329","Vanessa_cardui","PL","081012","341","vanessa","","","thistle","Cirsium parryi",2,1,"HLS","","","","EMEC_SI_PL_081012_341","Vanessa cardui","Vanessa","Nymphalidae","L.Ponisio"
"330","Vanessa_cardui","PL","081012","323","vanessa","","","purple flower","Glandularia bipinnatifida",2,1,"LCP","","","","EMEC_SI_PL_081012_323","Vanessa cardui","Vanessa","Nymphalidae","L.Ponisio"
"331","Vanessa_cardui","CH","082012","184","vanessa","","","purple flower","Glandularia bipinnatifida",3,1,"LCP","","","","EMEC_SI_CH_082012_184","Vanessa cardui","Vanessa","Nymphalidae","L.Ponisio"
"332","Vanessa_cardui","CH","081812","21","vanessa","","","purple flower","Glandularia bipinnatifida",1,1,"HLS","","","","EMEC_SI_CH_081812_21","Vanessa cardui","Vanessa","Nymphalidae","L.Ponisio"
"333","Vanessa_cardui","PL","081112","284B","vanessa","","","purple flower","Glandularia bipinnatifida",3,1,"HLS","","","","EMEC_SI_PL_081112_284B","Vanessa cardui","Vanessa","Nymphalidae","L.Ponisio"
"334","Vanessa_cardui","MM","080212","224","syrphid","","","yellow daisy","Heterothece pumila",3,1,"HLS","","","","EMEC_SI_MM_080212_224","Vanessa cardui","Vanessa","Nymphalidae","L.Ponisio"
"335","Vanessa_cardui","PL","081312","235","vanessa","","","purple flower","Glandularia bipinnatifida",5,1,"HLS","","","","EMEC_SI_PL_081312_235","Vanessa cardui","Vanessa","Nymphalidae","L.Ponisio"
"336","Vanessa_cardui","CH","082112","198","vanessa","","","yellow aster","Heliomeris multiflora var. nevadensis",4,1,"HLS","","","","EMEC_SI_CH_082112_198","Vanessa cardui","Vanessa","Nymphalidae","L.Ponisio"
"337","Vanessa_cardui","MM","080212","332","vanessa","","","yellow brassica","Erysimum capitatum",3,1,"HLS","","","","EMEC_SI_MM_080212_332","Vanessa cardui","Vanessa","Nymphalidae","L.Ponisio"
"338","Vanessa_cardui","PL","081312","290","vanessa","","","purple flower","Glandularia bipinnatifida",5,1,"LCP","","","","EMEC_SI_PL_081312_290","Vanessa cardui","Vanessa","Nymphalidae","L.Ponisio"
"339","Vanessa_cardui","PL","081312","291","vanessa","","","purple flower","Glandularia bipinnatifida",5,1,"LCP","","","","EMEC_SI_PL_081312_291","Vanessa cardui","Vanessa","Nymphalidae","L.Ponisio"
"340","Vanessa_cardui","PL","081312","233","vanessa","","","purple flower","Glandularia bipinnatifida",5,1,"HLS","","","","EMEC_SI_PL_081312_233","Vanessa cardui","Vanessa","Nymphalidae","L.Ponisio"
"341","Vanessa_cardui","PL","081112","283","vanessa","","","purple flower","Glandularia bipinnatifida",3,1,"HLS","","","","EMEC_SI_PL_081112_283","Vanessa cardui","Vanessa","Nymphalidae","L.Ponisio"
"342","Vanessa_cardui","MM","080312","211","vanessa","","","oregano","Monardella odoratissima",4,1,"HLS","","","","EMEC_SI_MM_080312_211","Vanessa cardui","Vanessa","Nymphalidae","L.Ponisio"
"343","Vanessa_cardui","PL","080912","353","vanessa","","","purple flower","Glandularia bipinnatifida",1,1,"HLS","","","","EMEC_SI_PL_080912_353","Vanessa cardui","Vanessa","Nymphalidae","L.Ponisio"
"344","Vanessa_cardui","PL","081112","257","vanessa","","","purple flower","Glandularia bipinnatifida",3,1,"LCP","","","","EMEC_SI_PL_081112_257","Vanessa cardui","Vanessa","Nymphalidae","L.Ponisio"
"345","Vanessa_cardui","PL","080912","395","vanessa","","","purple flower","Glandularia bipinnatifida",1,1,"LCP","","","","EMEC_SI_PL_080912_395","Vanessa cardui","Vanessa","Nymphalidae","L.Ponisio"
"346","Vanessa_cardui","PL","081312","234","vanessa","","","purple flower","Glandularia bipinnatifida",5,1,"HLS","","","","EMEC_SI_PL_081312_234","Vanessa cardui","Vanessa","Nymphalidae","L.Ponisio"
"347","Vanessa_cardui","MM","073112","125","vanessa","","","yellow brassica","Erysimum capitatum",1,1,"HLS","","","","EMEC_SI_MM_073112_125","Vanessa cardui","Vanessa","Nymphalidae","L.Ponisio"
"348","Vanessa_cardui","PL","081312","286","vanessa","Vanessa cardui","","purple thistle","Cirsium arizonicum var. arizonicum",5,1,"LCP","","","Specimen destroyed","EMEC_SI_PL_081312_286","Vanessa cardui","Vanessa","Nymphalidae","L.Ponisio"
"349","Vanessa_cardui","PL","081212","287","vanessa","","","yarrow","Achillea millefolium",4,1,"HLS","","","","EMEC_SI_PL_081212_287","Vanessa cardui","Vanessa","Nymphalidae","L.Ponisio"
"350","Vanessa_cardui","PL","081112","266","vanessa","","","thistle","Cirsium parryi",3,1,"LCP","","","","EMEC_SI_PL_081112_266","Vanessa cardui","Vanessa","Nymphalidae","L.Ponisio"
"351","Vanessa_cardui","PL","080912","410","vanessa","","","purple flower","Glandularia bipinnatifida",1,1,"LCP","","","","EMEC_SI_PL_080912_410","Vanessa cardui","Vanessa","Nymphalidae","L.Ponisio"
"352","Vanessa_cardui","MM","080412","250","vanessa","","","oregano","Monardella odoratissima",5,1,"LCP","","","","EMEC_SI_MM_080412_250","Vanessa cardui","Vanessa","Nymphalidae","L.Ponisio"
"353","Vanessa_cardui","MM","080212","333","vanessa","","","yellow brassica","Erysimum capitatum",3,1,"HLS","","","","EMEC_SI_MM_080212_333","Vanessa cardui","Vanessa","Nymphalidae","L.Ponisio"
"354","Vanessa_cardui","PL","081012","326","vanessa","","","purple flower","Glandularia bipinnatifida",2,1,"HLS","","","","EMEC_SI_PL_081012_326","Vanessa cardui","Vanessa","Nymphalidae","L.Ponisio"
"355","Vanessa_cardui","PL","081312","239","speyeria","","","big yellow aster","Hymenoxys hoopesii",5,1,"HLS","","","","EMEC_SI_PL_081312_239","Vanessa cardui","Vanessa","Nymphalidae","L.Ponisio"
"356","Vanessa_cardui","JC","071612","2","vanessa","Vanessa cardui","m","white aster","Hymenopappus newberryi",5,1,"HLS","","","","EMEC_SI_JC_071612_2","Vanessa cardui","Vanessa","Nymphalidae","L.Ponisio"
"357","Vanessa_cardui","MM","073112","123","vanessa","","","yellow brassica","Erysimum capitatum",1,1,"HLS","","","","EMEC_SI_MM_073112_123","Vanessa cardui","Vanessa","Nymphalidae","L.Ponisio"
"358","Vanessa_cardui","CH","081912","18","vanessa","","","purple flower","Glandularia bipinnatifida",2,1,"HLS","","","","EMEC_SI_CH_081912_18","Vanessa cardui","Vanessa","Nymphalidae","L.Ponisio"
"359","Vanessa_cardui","PL","081212","303B","vanessa","","","purple flower","Glandularia bipinnatifida",4,1,"LCP","","","","EMEC_SI_PL_081212_303B","Vanessa cardui","Vanessa","Nymphalidae","L.Ponisio"
"360","Vanessa_cardui","CH","082012","194","vanessa","","","purple flower","Glandularia bipinnatifida",3,2,"HLS","","","","EMEC_SI_CH_082012_194","Vanessa cardui","Vanessa","Nymphalidae","L.Ponisio"
"361","Vanessa_cardui","MM","080112","249","vanessa","","","yellow brassica","Erysimum capitatum",2,1,"LCP","","","","EMEC_SI_MM_080112_249","Vanessa cardui","Vanessa","Nymphalidae","L.Ponisio"
"362","Vanessa_cardui","PL","081312","284","vanessa","","","purple thistle","Cirsium arizonicum var. arizonicum",5,1,"LCP","","","","EMEC_SI_PL_081312_284","Vanessa cardui","Vanessa","Nymphalidae","L.Ponisio"
"363","Vanessa_cardui","PL","081212","300","vanessa","","","purple flower","Glandularia bipinnatifida",4,1,"LCP","","","","EMEC_SI_PL_081212_300","Vanessa cardui","Vanessa","Nymphalidae","L.Ponisio"
"364","Vanessa_cardui","PL","080912","397","vanessa","","","purple flower","Glandularia bipinnatifida",1,1,"LCP","","","","EMEC_SI_PL_080912_397","Vanessa cardui","Vanessa","Nymphalidae","L.Ponisio"
"365","Vanessa_cardui","PL","081112","284","vanessa","","","purple flower","Glandularia bipinnatifida",3,1,"HLS","","","","EMEC_SI_PL_081112_284","Vanessa cardui","Vanessa","Nymphalidae","L.Ponisio"
"366","Vanessa_cardui","PL","081212","305","vanessa","","","purple flower","Glandularia bipinnatifida",4,1,"LCP","","","","EMEC_SI_PL_081212_305","Vanessa cardui","Vanessa","Nymphalidae","L.Ponisio"
"367","Vanessa_cardui","PL","081012","322","vanessa","","","purple flower","Glandularia bipinnatifida",2,1,"LCP","","","","EMEC_SI_PL_081012_322","Vanessa cardui","Vanessa","Nymphalidae","L.Ponisio"
"368","Vanessa_cardui","PL","081112","287","vanessa","","","purple flower","Glandularia bipinnatifida",3,1,"HLS","","","","EMEC_SI_PL_081112_287","Vanessa cardui","Vanessa","Nymphalidae","L.Ponisio"
"369","Vanessa_cardui","PL","080912","371","skipper","","","purple flower","Glandularia bipinnatifida",1,1,"LCP","","","","EMEC_SI_PL_080912_371","Vanessa cardui","Vanessa","Nymphalidae","L.Ponisio"
"370","Vanessa_cardui","PL","081312","228","vanessa","","","thistle","Cirsium parryi",5,1,"HLS","","","","EMEC_SI_PL_081312_228","Vanessa cardui","Vanessa","Nymphalidae","L.Ponisio"
"371","Vanessa_cardui","CH","082012","193","vanessa","","","purple flower","Glandularia bipinnatifida",3,1,"HLS","","","","EMEC_SI_CH_082012_193","Vanessa cardui","Vanessa","Nymphalidae","L.Ponisio"
"372","Vanessa_cardui","PL","080912","396","vanessa","","","purple flower","Glandularia bipinnatifida",1,1,"LCP","","","","EMEC_SI_PL_080912_396","Vanessa cardui","Vanessa","Nymphalidae","L.Ponisio"
"373","Vanessa_cardui","MM","080412","246","vanessa","","","yellow brassica","Erysimum capitatum",5,1,"HLS","","","","EMEC_SI_MM_080412_246","Vanessa cardui","Vanessa","Nymphalidae","L.Ponisio"
"374","Vanessa_cardui","PL","081212","299","vanessa","","","purple flower","Glandularia bipinnatifida",4,1,"LCP","","","","EMEC_SI_PL_081212_299","Vanessa cardui","Vanessa","Nymphalidae","L.Ponisio"
"375","Vanessa_cardui","PL","081112","260","vanessa","","","purple flower","Glandularia bipinnatifida",3,1,"LCP","","","","EMEC_SI_PL_081112_260","Vanessa cardui","Vanessa","Nymphalidae","L.Ponisio"
"376","Vanessa_cardui","PL","081212","284","vanessa","","","thistle","Cirsium parryi",4,1,"HLS","","","","EMEC_SI_PL_081212_284","Vanessa cardui","Vanessa","Nymphalidae","L.Ponisio"
"377","Vanessa_cardui","PL","081112","262","vanessa","","","purple flower","Glandularia bipinnatifida",3,1,"LCP","","","","EMEC_SI_PL_081112_262","Vanessa cardui","Vanessa","Nymphalidae","L.Ponisio"
"378","Vanessa_cardui","PL","081312","292","vanessa","","","purple flower","Glandularia bipinnatifida",5,1,"LCP","","","","EMEC_SI_PL_081312_292","Vanessa cardui","Vanessa","Nymphalidae","L.Ponisio"
"379","Vanessa_cardui","MM","080112","130","bumble bee","","","white pea","Vicia pulchella",2,1,"LCP","","","","EMEC_SI_MM_080112_130","Vanessa cardui","Vanessa","Nymphalidae","L.Ponisio"
"380","Vanessa_cardui","JC","071612","6","vanessa","Vanessa cardui","f","white aster","Hymenopappus newberryi",5,1,"HLS","","","","EMEC_SI_JC_071612_6","Vanessa cardui","Vanessa","Nymphalidae","L.Ponisio"
"381","Vanessa_cardui","MM","080112","129","fly","","","white pea","Vicia pulchella",2,1,"LCP","","","","EMEC_SI_MM_080112_129","Vanessa cardui","Vanessa","Nymphalidae","L.Ponisio"
"382","Vanessa_cardui","PL","081212","303C","vanessa","","","purple flower","Glandularia bipinnatifida",4,1,"LCP","","","","EMEC_SI_PL_081212_303C","Vanessa cardui","Vanessa","Nymphalidae","L.Ponisio"
"383","Vanessa_cardui","PL","081112","283B","vanessa","","","purple flower","Glandularia bipinnatifida",3,1,"HLS","","","","EMEC_SI_PL_081112_283B","Vanessa cardui","Vanessa","Nymphalidae","L.Ponisio"
"384","Vanessa_cardui","PL","081312","280","vanessa","","","purple flower","Glandularia bipinnatifida",5,1,"LCP","","","","EMEC_SI_PL_081312_280","Vanessa cardui","Vanessa","Nymphalidae","L.Ponisio"
"385","Vanessa_cardui","PL","081212","310","vanessa","","","purple flower","Glandularia bipinnatifida",4,1,"LCP","","","","EMEC_SI_PL_081212_310","Vanessa cardui","Vanessa","Nymphalidae","L.Ponisio"
"386","Vanessa_cardui","MM","080112","126","syrphid","","","white pea","Vicia pulchella",2,1,"LCP","","","","EMEC_SI_MM_080112_126","Vanessa cardui","Vanessa","Nymphalidae","L.Ponisio"
"387","Vanessa_cardui","PL","081012","321","vanessa","","","purple flower","Glandularia bipinnatifida",2,1,"LCP","","","","EMEC_SI_PL_081012_321","Vanessa cardui","Vanessa","Nymphalidae","L.Ponisio"
"388","Vanessa_cardui","PL","081212","283","vanessa","","","purple flower","Glandularia bipinnatifida",4,1,"HLS","","","","EMEC_SI_PL_081212_283","Vanessa cardui","Vanessa","Nymphalidae","L.Ponisio"
"389","Vanessa_cardui","CH","082112","203","vanessa","","","beebalm","Monarda citriodora spp. austromontana",4,2,"LCP","","","","EMEC_SI_CH_082112_203","Vanessa cardui","Vanessa","Nymphalidae","L.Ponisio"
"390","Vanessa_cardui","MM","080212","325","vanessa","","","yellow brassica","Erysimum capitatum",3,2,"LCP","","","","EMEC_SI_MM_080212_325","Vanessa cardui","Vanessa","Nymphalidae","L.Ponisio"
"391","Vanessa_cardui","MM","080212","338","vanessa","","","yellow brassica","Erysimum capitatum",3,1,"HLS","","","","EMEC_SI_MM_080212_338","Vanessa cardui","Vanessa","Nymphalidae","L.Ponisio"
"392","Vanessa_cardui","CH","082012","188","vanessa","","","purple flower","Glandularia bipinnatifida",3,2,"LCP","","","","EMEC_SI_CH_082012_188","Vanessa cardui","Vanessa","Nymphalidae","L.Ponisio"
"393","Vanessa_cardui","JC","071412","23","nymphalid","Vanessa cardui","f","Hymenopappus newberryi","Hymenopappus newberryi",3,1,"LCP","","","","EMEC_SI_JC_071412_23","Vanessa cardui","Vanessa","Nymphalidae","L.Ponisio"
"394","Vanessa_cardui","PL","081012","5","vanessa","","","purple flower","Glandularia bipinnatifida",2,1,"HLS","","","","EMEC_SI_PL_081012_5","Vanessa cardui","Vanessa","Nymphalidae","L.Ponisio"
"395","Vanessa_cardui","CH","082112","188","vanessa","","","yellow aster","Heliomeris multiflora var. nevadensis",4,1,"HLS","","","","EMEC_SI_CH_082112_188","Vanessa cardui","Vanessa","Nymphalidae","L.Ponisio"
"396","Vanessa_cardui","PL","081312","294","vanessa","","","purple flower","Glandularia bipinnatifida",5,1,"LCP","","","","EMEC_SI_PL_081312_294","Vanessa cardui","Vanessa","Nymphalidae","L.Ponisio"
"397","Vanessa_cardui","PL","081012","4","vanessa","","","purple flower","Glandularia bipinnatifida",2,1,"HLS","","","","EMEC_SI_PL_081012_4","Vanessa cardui","Vanessa","Nymphalidae","L.Ponisio"
"398","Vanessa_cardui","PL","081012","329","vanessa","","","purple flower","Glandularia bipinnatifida",2,1,"HLS","","","","EMEC_SI_PL_081012_329","Vanessa cardui","Vanessa","Nymphalidae","L.Ponisio"
"399","Vanessa_cardui","PL","081212","282","vanessa","","","purple flower","Glandularia bipinnatifida",4,1,"HLS","","","","EMEC_SI_PL_081212_282","Vanessa cardui","Vanessa","Nymphalidae","L.Ponisio"
"400","Vanessa_cardui","PL","081012","3","Vanessa","","","purple flower","Glandularia bipinnatifida",2,1,"HLS","","","","EMEC_SI_PL_081012_3","Vanessa cardui","Vanessa","Nymphalidae","L.Ponisio"
"401","Vanessa_cardui","PL","080912","378","Vanessa","","","purple flower","Glandularia bipinnatifida",1,1,"HLS","","","","EMEC_SI_PL_080912_378","Vanessa cardui","Vanessa","Nymphalidae","L.Ponisio"
"402","Vanessa_cardui","PL","081112","258","vanessa","","","purple flower","Glandularia bipinnatifida",3,1,"LCP","","","","EMEC_SI_PL_081112_258","Vanessa cardui","Vanessa","Nymphalidae","L.Ponisio"
"403","Vanessa_carye_sp_annabella","CH","082012","197","vanessa","","","purple flower","Glandularia bipinnatifida",3,1,"HLS","","","","EMEC_SI_CH_082012_197","Vanessa carye sp. annabella","Vanessa","Nymphalidae","L.Ponisio"
"404","Vanessa_carye_sp_annabella","PL","081212","309","vanessa","","","purple flower","Glandularia bipinnatifida",4,1,"LCP","","","","EMEC_SI_PL_081212_309","Vanessa carye sp. annabella","Vanessa","Nymphalidae","L.Ponisio"
"405","Vanessa_carye_sp_annabella","JC","071512","15","nymphalid","Vanessa carye annabella","f","Erigeron subtrinervis","Erigeron subtrinervis",4,1,"LCP","","","","EMEC_SI_JC_071512_15","Vanessa carye sp. annabella","Vanessa","Nymphalidae","L.Ponisio"
"406","Vanessa_carye_sp_annabella","PL","081112","289","vanessa","","","purple flower","Glandularia bipinnatifida",3,1,"HLS","","","","EMEC_SI_PL_081112_289","Vanessa carye sp. annabella","Vanessa","Nymphalidae","L.Ponisio"
"407","Vanessa_carye_sp_annabella","MM","080112","128","wasp","","","white pea","Vicia pulchella",2,1,"LCP","","","","EMEC_SI_MM_080112_128","Vanessa carye sp. annabella","Vanessa","Nymphalidae","L.Ponisio"
"408","Vanessa_virginiensis","CH","082012","198","california sisters","","","giant white carrot 2","Psacalium decompositum",3,2,"HLS","","","","EMEC_SI_CH_082012_198","Vanessa virginiensis","Vanessa","Nymphalidae","L.Ponisio"
"409","Vanessa_virginiensis","CH","082112","201","vanessa","","","purple flower","Glandularia bipinnatifida",4,1,"LCP","","","","EMEC_SI_CH_082112_201","Vanessa virginiensis","Vanessa","Nymphalidae","L.Ponisio"
"410","Vanessa_virginiensis","JC","071412","24","nymphalid","Vanessa virginiensis","f","Hymenopappus newberryi","Hymenopappus newberryi",3,1,"LCP","","","","EMEC_SI_JC_071412_24","Vanessa virginiensis","Vanessa","Nymphalidae","L.Ponisio"
