"genID","uniqueID","finalPlantID","collector","county","country","lat","long","state"
"bumble bee","EMEC_SI_CH_082012_136","Glandularia bipinnatifida","HLS","Cochise","USA"," 31!55'2.68\"N","109!16'44.17\"W","Arizona"
"bumble bee","EMEC_SI_CH_082112_177","Trifolium pinetorum","HLS","Cochise","USA"," 31!55'2.68\"N","109!16'44.17\"W","Arizona"
"bumble bee","EMEC_SI_CH_082112_69","Vicia americana","LCP","Cochise","USA"," 31!55'2.68\"N","109!16'44.17\"W","Arizona"
"bumble bee","EMEC_SI_CH_082112_174","Mimulus guttans","HLS","Cochise","USA"," 31!55'2.68\"N","109!16'44.17\"W","Arizona"
"bumble bee","EMEC_SI_CH_082112_68","Vicia americana","LCP","Cochise","USA"," 31!55'2.68\"N","109!16'44.17\"W","Arizona"
"bumble bee","EMEC_SI_CH_082112_58","Verbascum thapsus","LCP","Cochise","USA"," 31!55'2.68\"N","109!16'44.17\"W","Arizona"
"bumble bee","EMEC_SI_CH_082012_115","Oenothera elata","HLS","Cochise","USA"," 31!55'2.68\"N","109!16'44.17\"W","Arizona"
"bumble bee","EMEC_SI_CH_082012_131","Trifolium pinetorum","HLS","Cochise","USA"," 31!55'2.68\"N","109!16'44.17\"W","Arizona"
"bumble bee","EMEC_SI_CH_082012_179","Cirsium arizonicum var. arizonicum","HLS","Cochise","USA"," 31!55'2.68\"N","109!16'44.17\"W","Arizona"
"bumble bee","EMEC_SI_CH_082012_59","Cirsium arizonicum var. arizonicum","LCP","Cochise","USA"," 31!55'2.68\"N","109!16'44.17\"W","Arizona"
"bumble bee","EMEC_SI_CH_082012_124","Vicia americana","HLS","Cochise","USA"," 31!55'2.68\"N","109!16'44.17\"W","Arizona"
"bumble bee","EMEC_SI_CH_082012_64","Glandularia bipinnatifida","LCP","Cochise","USA"," 31!55'2.68\"N","109!16'44.17\"W","Arizona"
"bumble bee","EMEC_SI_CH_082012_60","Trifolium pinetorum","LCP","Cochise","USA"," 31!55'2.68\"N","109!16'44.17\"W","Arizona"
"bumble bee","EMEC_SI_CH_082012_125","Vicia americana","HLS","Cochise","USA"," 31!55'2.68\"N","109!16'44.17\"W","Arizona"
"bumble bee","EMEC_SI_CH_082112_54","Heliomeris multiflora var. nevadensis","LCP","Cochise","USA"," 31!55'2.68\"N","109!16'44.17\"W","Arizona"
"bumble bee","EMEC_SI_CH_082012_49","Glandularia bipinnatifida","LCP","Cochise","USA"," 31!55'2.68\"N","109!16'44.17\"W","Arizona"
"bumble bee","EMEC_SI_CH_082012_52","Vicia americana","LCP","Cochise","USA"," 31!55'2.68\"N","109!16'44.17\"W","Arizona"
"bumble bee","EMEC_SI_CH_082012_130","Trifolium pinetorum","HLS","Cochise","USA"," 31!55'2.68\"N","109!16'44.17\"W","Arizona"
"bumble bee","EMEC_SI_CH_082012_62","Trifolium pinetorum","LCP","Cochise","USA"," 31!55'2.68\"N","109!16'44.17\"W","Arizona"
"bumble bee","EMEC_SI_CH_082112_56","Vicia americana","LCP","Cochise","USA"," 31!55'2.68\"N","109!16'44.17\"W","Arizona"
"bumble bee","EMEC_SI_CH_082112_55","Vicia americana","LCP","Cochise","USA"," 31!55'2.68\"N","109!16'44.17\"W","Arizona"
"bumble bee","EMEC_SI_CH_082012_113","Oenothera elata","HLS","Cochise","USA"," 31!55'2.68\"N","109!16'44.17\"W","Arizona"
"bumble bee","EMEC_SI_CH_082012_61","Trifolium pinetorum","LCP","Cochise","USA"," 31!55'2.68\"N","109!16'44.17\"W","Arizona"
"bumble bee","EMEC_SI_CH_081812_12","Gaura coccinea","LCP","Cochise","USA"," 31!55'2.68\"N","109!16'44.17\"W","Arizona"
"bumble bee","EMEC_SI_CH_081812_1","Vicia americana","LCP","Cochise","USA"," 31!55'2.68\"N","109!16'44.17\"W","Arizona"
"bumble bee","EMEC_SI_CH_081812_9","Monarda citriodora spp. Austromontana","LCP","Cochise","USA"," 31!55'2.68\"N","109!16'44.17\"W","Arizona"
"bumble bee","EMEC_SI_CH_081912_1","Monarda citriodora spp. Austromontana","HLS","Cochise","USA"," 31!55'2.68\"N","109!16'44.17\"W","Arizona"
"bumble bee","EMEC_SI_CH_082112_65","Trifolium pinetorum","LCP","Cochise","USA"," 31!55'2.68\"N","109!16'44.17\"W","Arizona"
"bumble bee","EMEC_SI_CH_082212_48","Heliomeris multiflora var. nevadensis","LCP","Cochise","USA"," 31!55'2.68\"N","109!16'44.17\"W","Arizona"
"bumble bee","EMEC_SI_CH_082212_32","Verbascum thapsus","HLS","Cochise","USA"," 31!55'2.68\"N","109!16'44.17\"W","Arizona"
"bumble bee","EMEC_SI_CH_082212_34","Vicia americana","HLS","Cochise","USA"," 31!55'2.68\"N","109!16'44.17\"W","Arizona"
"bumble bee","EMEC_SI_CH_082212_37","Echeandia flavescens","HLS","Cochise","USA"," 31!55'2.68\"N","109!16'44.17\"W","Arizona"
"bumble bee","EMEC_SI_CH_082112_67","Trifolium pinetorum","LCP","Cochise","USA"," 31!55'2.68\"N","109!16'44.17\"W","Arizona"
"bumble bee","EMEC_SI_CH_082212_69","Trifolium pinetorum","LCP","Cochise","USA"," 31!55'2.68\"N","109!16'44.17\"W","Arizona"
"bumble bee","EMEC_SI_CH_082212_25","Psacalium decompositum","HLS","Cochise","USA"," 31!55'2.68\"N","109!16'44.17\"W","Arizona"
"bumble bee","EMEC_SI_CH_082212_45","Heliomeris multiflora var. nevadensis","LCP","Cochise","USA"," 31!55'2.68\"N","109!16'44.17\"W","Arizona"
"bumble bee","EMEC_SI_CH_082112_61","Trifolium pinetorum","LCP","Cochise","USA"," 31!55'2.68\"N","109!16'44.17\"W","Arizona"
"bumble bee","EMEC_SI_CH_082212_72","Vicia americana","LCP","Cochise","USA"," 31!55'2.68\"N","109!16'44.17\"W","Arizona"
"bumble bee","EMEC_SI_CH_082212_81","Monarda citriodora spp. austromontana","LCP","Cochise","USA"," 31!55'2.68\"N","109!16'44.17\"W","Arizona"
"bumble bee","EMEC_SI_CH_082212_70","Trifolium pinetorum","LCP","Cochise","USA"," 31!55'2.68\"N","109!16'44.17\"W","Arizona"
"bumble bee","EMEC_SI_CH_082112_117","Trifolium pinetorum","HLS","Cochise","USA"," 31!55'2.68\"N","109!16'44.17\"W","Arizona"
"bumble bee","EMEC_SI_CH_082112_118","Monarda citriodora spp. austromontana","HLS","Cochise","USA"," 31!55'2.68\"N","109!16'44.17\"W","Arizona"
"bumble bee","EMEC_SI_CH_082112_119","Monarda citriodora spp. austromontana","HLS","Cochise","USA"," 31!55'2.68\"N","109!16'44.17\"W","Arizona"
"bumble bee","EMEC_SI_CH_082112_75","Monarda citriodora spp. austromontana","LCP","Cochise","USA"," 31!55'2.68\"N","109!16'44.17\"W","Arizona"
"bumble bee","EMEC_SI_CH_082112_175","Trifolium pinetorum","HLS","Cochise","USA"," 31!55'2.68\"N","109!16'44.17\"W","Arizona"
"bumble bee","EMEC_SI_CH_082112_111","Trifolium pinetorum","HLS","Cochise","USA"," 31!55'2.68\"N","109!16'44.17\"W","Arizona"
"bumble bee","EMEC_SI_CH_082112_110","Trifolium pinetorum","HLS","Cochise","USA"," 31!55'2.68\"N","109!16'44.17\"W","Arizona"
"bumble bee","EMEC_SI_CH_082112_112","Glandularia bipinnatifida","HLS","Cochise","USA"," 31!55'2.68\"N","109!16'44.17\"W","Arizona"
"bee","EMEC_SI_CH_082112_109","Linum neomexicanum","HLS","Cochise","USA"," 31!55'2.68\"N","109!16'44.17\"W","Arizona"
"bumble bee","EMEC_SI_CH_082112_62","Trifolium pinetorum","LCP","Cochise","USA"," 31!55'2.68\"N","109!16'44.17\"W","Arizona"
"bumble bee","EMEC_SI_CH_082112_113","Glandularia bipinnatifida","HLS","Cochise","USA"," 31!55'2.68\"N","109!16'44.17\"W","Arizona"
"bumble bee","EMEC_SI_CH_082112_157","Heliomeris multiflora var. nevadensis","HLS","Cochise","USA"," 31!55'2.68\"N","109!16'44.17\"W","Arizona"
"bumble bee","EMEC_SI_CH_082112_176","Trifolium pinetorum","HLS","Cochise","USA"," 31!55'2.68\"N","109!16'44.17\"W","Arizona"
"bumble bee","EMEC_SI_CH_082112_178","Trifolium pinetorum","HLS","Cochise","USA"," 31!55'2.68\"N","109!16'44.17\"W","Arizona"
"bumble bee","EMEC_SI_CH_082112_63","Trifolium pinetorum","LCP","Cochise","USA"," 31!55'2.68\"N","109!16'44.17\"W","Arizona"
"bumble bee","EMEC_SI_CH_082112_50","Trifolium pinetorum","LCP","Cochise","USA"," 31!55'2.68\"N","109!16'44.17\"W","Arizona"
"bumble bee","EMEC_SI_CH_082012_26","Heliomeris multiflora var. nevadensis","LCP","Cochise","USA"," 31!55'2.68\"N","109!16'44.17\"W","Arizona"
"bumble bee","EMEC_SI_CH_082012_2","Trifolium pinetorum","LCP","Cochise","USA"," 31!55'2.68\"N","109!16'44.17\"W","Arizona"
"bumble bee","EMEC_SI_CH_082012_3","Trifolium pinetorum","LCP","Cochise","USA"," 31!55'2.68\"N","109!16'44.17\"W","Arizona"
"bumble bee","EMEC_SI_CH_081912_9","Monarda citriodora spp. Austromontana","HLS","Cochise","USA"," 31!55'2.68\"N","109!16'44.17\"W","Arizona"
"bumble bee","EMEC_SI_CH_081912_3","Heliomeris multiflora var. nevadensis","HLS","Cochise","USA"," 31!55'2.68\"N","109!16'44.17\"W","Arizona"
"bumble bee","EMEC_SI_CH_082012_1","Trifolium pinetorum","LCP","Cochise","USA"," 31!55'2.68\"N","109!16'44.17\"W","Arizona"
"bumble bee","EMEC_SI_CH_081912_15","Vicia americana","LCP","Cochise","USA"," 31!55'2.68\"N","109!16'44.17\"W","Arizona"
"bumble bee","EMEC_SI_CH_081912_10","Monarda citriodora spp. Austromontana","HLS","Cochise","USA"," 31!55'2.68\"N","109!16'44.17\"W","Arizona"
"bumble bee","EMEC_SI_CH_081912_11","Vicia americana","HLS","Cochise","USA"," 31!55'2.68\"N","109!16'44.17\"W","Arizona"
"bumble bee","EMEC_SI_CH_082112_108","Cirsium arizonicum var. arizonicum","HLS","Cochise","USA"," 31!55'2.68\"N","109!16'44.17\"W","Arizona"
"bumble bee","EMEC_SI_CH_082212_71","Vicia americana","LCP","Cochise","USA"," 31!55'2.68\"N","109!16'44.17\"W","Arizona"
"bumble bee","EMEC_SI_MM_080212_146","Vicia pulchella","LCP","Socorro","USA"," 33!59'29.31\"N","107!11'1.23\"W","New Mexico"
"bumble bee","EMEC_SI_MM_080412_136","Vicia pulchella","LCP","Socorro","USA"," 33!59'29.31\"N","107!11'1.23\"W","New Mexico"
"bumble bee","EMEC_SI_MM_080412_123","Vicia pulchella","LCP","Socorro","USA"," 33!59'29.31\"N","107!11'1.23\"W","New Mexico"
"bumble bee","EMEC_SI_MM_080412_209","Phacelia heterophylla","LCP","Socorro","USA"," 33!59'29.31\"N","107!11'1.23\"W","New Mexico"
"bumble bee","EMEC_SI_MM_080412_205","Heterothece pumila","LCP","Socorro","USA"," 33!59'29.31\"N","107!11'1.23\"W","New Mexico"
"bumble bee","EMEC_SI_MM_080212_9","Vicia pulchella","LCP","Socorro","USA"," 33!59'29.31\"N","107!11'1.23\"W","New Mexico"
"bumble bee","EMEC_SI_MM_080212_237","Vicia pulchella","HLS","Socorro","USA"," 33!59'29.31\"N","107!11'1.23\"W","New Mexico"
"bumble bee","EMEC_SI_MM_080412_142","Vicia pulchella","LCP","Socorro","USA"," 33!59'29.31\"N","107!11'1.23\"W","New Mexico"
"bumble bee","EMEC_SI_MM_080212_120","Vicia pulchella","LCP","Socorro","USA"," 33!59'29.31\"N","107!11'1.23\"W","New Mexico"
"bumble bee","EMEC_SI_MM_080212_25","Vicia pulchella","LCP","Socorro","USA"," 33!59'29.31\"N","107!11'1.23\"W","New Mexico"
"bumble bee","EMEC_SI_MM_073112_24","Hymenopappus newberryi","HLS","Socorro","USA"," 33!59'29.31\"N","107!11'1.23\"W","New Mexico"
"bumble bee","EMEC_SI_MM_080212_12","Vicia pulchella","LCP","Socorro","USA"," 33!59'29.31\"N","107!11'1.23\"W","New Mexico"
"bumble bee","EMEC_SI_MM_080112_23","Vicia pulchella","HLS","Socorro","USA"," 33!59'29.31\"N","107!11'1.23\"W","New Mexico"
"bumble bee","EMEC_SI_MM_073112_56","Vicia pulchella","LCP","Socorro","USA"," 33!59'29.31\"N","107!11'1.23\"W","New Mexico"
"bumble bee","EMEC_SI_MM_080112_17","Vicia pulchella","HLS","Socorro","USA"," 33!59'29.31\"N","107!11'1.23\"W","New Mexico"
"bumble bee","EMEC_SI_MM_080412_135","Vicia pulchella","LCP","Socorro","USA"," 33!59'29.31\"N","107!11'1.23\"W","New Mexico"
"bumble bee","EMEC_SI_MM_080312_1","Vicia pulchella","HLS","Socorro","USA"," 33!59'29.31\"N","107!11'1.23\"W","New Mexico"
"bumble bee","EMEC_SI_MM_080412_141","Vicia pulchella","LCP","Socorro","USA"," 33!59'29.31\"N","107!11'1.23\"W","New Mexico"
"bumble bee","EMEC_SI_MM_080412_107","Penstemon pseudoparvus","LCP","Socorro","USA"," 33!59'29.31\"N","107!11'1.23\"W","New Mexico"
"bumble bee","EMEC_SI_MM_073112_62","Vicia pulchella","LCP","Socorro","USA"," 33!59'29.31\"N","107!11'1.23\"W","New Mexico"
"bumble bee","EMEC_SI_MM_080112_141","Vicia pulchella","LCP","Socorro","USA"," 33!59'29.31\"N","107!11'1.23\"W","New Mexico"
"bumble bee","EMEC_SI_MM_073112_12","Vicia pulchella","HLS","Socorro","USA"," 33!59'29.31\"N","107!11'1.23\"W","New Mexico"
"bumble bee","EMEC_SI_MM_080412_214","Potentilla hippiana","LCP","Socorro","USA"," 33!59'29.31\"N","107!11'1.23\"W","New Mexico"
"bumble bee","EMEC_SI_MM_080112_2","Vicia pulchella","HLS","Socorro","USA"," 33!59'29.31\"N","107!11'1.23\"W","New Mexico"
"bumble bee","EMEC_SI_MM_080412_138","Vicia pulchella","LCP","Socorro","USA"," 33!59'29.31\"N","107!11'1.23\"W","New Mexico"
"bumble bee","EMEC_SI_MM_080112_130","Vicia pulchella","LCP","Socorro","USA"," 33!59'29.31\"N","107!11'1.23\"W","New Mexico"
"bumble bee","EMEC_SI_MM_080212_23","Vicia pulchella","LCP","Socorro","USA"," 33!59'29.31\"N","107!11'1.23\"W","New Mexico"
"bumble bee","EMEC_SI_MM_080112_127","Vicia pulchella","LCP","Socorro","USA"," 33!59'29.31\"N","107!11'1.23\"W","New Mexico"
"bumble bee","EMEC_SI_MM_080212_14","Vicia pulchella","LCP","Socorro","USA"," 33!59'29.31\"N","107!11'1.23\"W","New Mexico"
"bumble bee","EMEC_SI_MM_080212_3","Vicia pulchella","LCP","Socorro","USA"," 33!59'29.31\"N","107!11'1.23\"W","New Mexico"
"bumble bee","EMEC_SI_MM_080312_27","Vicia pulchella","HLS","Socorro","USA"," 33!59'29.31\"N","107!11'1.23\"W","New Mexico"
"bumble bee","EMEC_SI_MM_073112_18","Vicia pulchella","HLS","Socorro","USA"," 33!59'29.31\"N","107!11'1.23\"W","New Mexico"
"bumble bee","EMEC_SI_MM_080412_215","Potentilla hippiana","LCP","Socorro","USA"," 33!59'29.31\"N","107!11'1.23\"W","New Mexico"
"bumble bee","EMEC_SI_SC_072012_193","Potentilla hippiana","HLS","Bernalillo","USA"," 35!12'22.86\"N","106!26'36.15\"W","New Mexico"
"bumble bee","EMEC_SI_MM_080412_20","Vicia pulchella","HLS","Socorro","USA"," 33!59'29.31\"N","107!11'1.23\"W","New Mexico"
"bumble bee","EMEC_SI_MM_073112_68","Vicia pulchella","LCP","Socorro","USA"," 33!59'29.31\"N","107!11'1.23\"W","New Mexico"
"bumble bee","EMEC_SI_MM_080412_168","Verbascum thapsus","LCP","Socorro","USA"," 33!59'29.31\"N","107!11'1.23\"W","New Mexico"
"bumble bee","EMEC_SI_MM_080112_56","Potentilla hippiana","HLS","Socorro","USA"," 33!59'29.31\"N","107!11'1.23\"W","New Mexico"
"bumble bee","EMEC_SI_MM_080212_117","Vicia pulchella","LCP","Socorro","USA"," 33!59'29.31\"N","107!11'1.23\"W","New Mexico"
"bumble bee","EMEC_SI_MM_080112_95","Phacelia heterophylla","HLS","Socorro","USA"," 33!59'29.31\"N","107!11'1.23\"W","New Mexico"
"bumble bee","EMEC_SI_MM_080112_34","Hymenopappus newberryi","HLS","Socorro","USA"," 33!59'29.31\"N","107!11'1.23\"W","New Mexico"
"bumble bee","EMEC_SI_MM_080112_143","Vicia pulchella","LCP","Socorro","USA"," 33!59'29.31\"N","107!11'1.23\"W","New Mexico"
"bumble bee","EMEC_SI_SC_072112_53","Potentilla hippiana","HLS","Bernalillo","USA"," 35!12'22.86\"N","106!26'36.15\"W","New Mexico"
"bumble bee","EMEC_SI_SC_072112_121","Potentilla hippiana","LCP","Bernalillo","USA"," 35!12'22.86\"N","106!26'36.15\"W","New Mexico"
"bumble bee","EMEC_SI_SC_072112_118","Potentilla hippiana","LCP","Bernalillo","USA"," 35!12'22.86\"N","106!26'36.15\"W","New Mexico"
"bumble bee","EMEC_SI_SC_072012_195","Potentilla hippiana","HLS","Bernalillo","USA"," 35!12'22.86\"N","106!26'36.15\"W","New Mexico"
"bumble bee","EMEC_SI_SC_072312_287","Potentilla hippiana","LCP","Bernalillo","USA"," 35!12'22.86\"N","106!26'36.15\"W","New Mexico"
"bumble bee","EMEC_SI_SC_072812_74","Hymenoxys richardsonii","HLS","Bernalillo","USA"," 35!12'22.86\"N","106!26'36.15\"W","New Mexico"
"bumble bee","EMEC_SI_SC_072812_134","Potentilla hippiana","LCP","Bernalillo","USA"," 35!12'22.86\"N","106!26'36.15\"W","New Mexico"
"bumble bee","EMEC_SI_SC_072612_190","Erigeron subtrinervis","LCP","Bernalillo","USA"," 35!12'22.86\"N","106!26'36.15\"W","New Mexico"
"bumble bee","EMEC_SI_SC_072912_82","Potentilla hippiana","LCP","Bernalillo","USA"," 35!12'22.86\"N","106!26'36.15\"W","New Mexico"
"bumble bee","EMEC_SI_MM_080412_62","Potentilla hippiana","HLS","Socorro","USA"," 33!59'29.31\"N","107!11'1.23\"W","New Mexico"
"bumble bee","EMEC_SI_SC_072312_283","Potentilla hippiana","LCP","Bernalillo","USA"," 35!12'22.86\"N","106!26'36.15\"W","New Mexico"
"bumble bee","EMEC_SI_SC_072012_117","Hymenoxys richardsonii","LCP","Bernalillo","USA"," 35!12'22.86\"N","106!26'36.15\"W","New Mexico"
"bumble bee","EMEC_SI_SC_072612_113","Potentilla hippiana","HLS","Bernalillo","USA"," 35!12'22.86\"N","106!26'36.15\"W","New Mexico"
"bumble bee","EMEC_SI_SC_072012_226","Erigeron subtrinervis","HLS","Bernalillo","USA"," 35!12'22.86\"N","106!26'36.15\"W","New Mexico"
"bumble bee","EMEC_SI_SC_072112_119","Potentilla hippiana","LCP","Bernalillo","USA"," 35!12'22.86\"N","106!26'36.15\"W","New Mexico"
"bumble bee","EMEC_SI_SC_072912_80","Potentilla hippiana","LCP","Bernalillo","USA"," 35!12'22.86\"N","106!26'36.15\"W","New Mexico"
"bumble bee","EMEC_SI_MM_080212_143","Vicia pulchella","LCP","Socorro","USA"," 33!59'29.31\"N","107!11'1.23\"W","New Mexico"
"bumble bee","EMEC_SI_MM_080212_82","Potentilla hippiana","LCP","Socorro","USA"," 33!59'29.31\"N","107!11'1.23\"W","New Mexico"
"bumble bee","EMEC_SI_MM_080212_232","Vicia pulchella","HLS","Socorro","USA"," 33!59'29.31\"N","107!11'1.23\"W","New Mexico"
"bumble bee","EMEC_SI_MM_073112_113","Vicia pulchella","LCP","Socorro","USA"," 33!59'29.31\"N","107!11'1.23\"W","New Mexico"
"bumble bee","EMEC_SI_MM_073112_58","Vicia pulchella","LCP","Socorro","USA"," 33!59'29.31\"N","107!11'1.23\"W","New Mexico"
"bumble bee","EMEC_SI_MM_080112_132","Vicia pulchella","LCP","Socorro","USA"," 33!59'29.31\"N","107!11'1.23\"W","New Mexico"
"bumble bee","EMEC_SI_MM_080212_13","Vicia pulchella","LCP","Socorro","USA"," 33!59'29.31\"N","107!11'1.23\"W","New Mexico"
"bumble bee","EMEC_SI_MM_080212_128","Vicia pulchella","LCP","Socorro","USA"," 33!59'29.31\"N","107!11'1.23\"W","New Mexico"
"bumble bee","EMEC_SI_MM_080312_145","Vicia pulchella","LCP","Socorro","USA"," 33!59'29.31\"N","107!11'1.23\"W","New Mexico"
"bumble bee","EMEC_SI_MM_073112_59","Vicia pulchella","LCP","Socorro","USA"," 33!59'29.31\"N","107!11'1.23\"W","New Mexico"
"bumble bee","EMEC_SI_MM_080412_132","Vicia pulchella","LCP","Socorro","USA"," 33!59'29.31\"N","107!11'1.23\"W","New Mexico"
"bumble bee","EMEC_SI_MM_080412_26","Vicia pulchella","HLS","Socorro","USA"," 33!59'29.31\"N","107!11'1.23\"W","New Mexico"
"bumble bee","EMEC_SI_SC_072912_69","Hymenoxys richardsonii","LCP","Bernalillo","USA"," 35!12'22.86\"N","106!26'36.15\"W","New Mexico"
"bumble bee","EMEC_SI_MM_080412_27","Vicia pulchella","HLS","Socorro","USA"," 33!59'29.31\"N","107!11'1.23\"W","New Mexico"
"bumble bee","EMEC_SI_MM_080212_182","Vicia pulchella","HLS","Socorro","USA"," 33!59'29.31\"N","107!11'1.23\"W","New Mexico"
"bee","EMEC_SI_MM_080312_13","Vicia pulchella","HLS","Socorro","USA"," 33!59'29.31\"N","107!11'1.23\"W","New Mexico"
"bumble bee","EMEC_SI_MM_073112_57","Vicia pulchella","LCP","Socorro","USA"," 33!59'29.31\"N","107!11'1.23\"W","New Mexico"
"bumble bee","EMEC_SI_MM_080312_144","Vicia pulchella","LCP","Socorro","USA"," 33!59'29.31\"N","107!11'1.23\"W","New Mexico"
"bumble bee","EMEC_SI_MM_080412_137","Vicia pulchella","LCP","Socorro","USA"," 33!59'29.31\"N","107!11'1.23\"W","New Mexico"
"bumble bee","EMEC_SI_MM_080312_16","Vicia pulchella","HLS","Socorro","USA"," 33!59'29.31\"N","107!11'1.23\"W","New Mexico"
"bumble bee","EMEC_SI_MM_080312_32","Vicia pulchella","HLS","Socorro","USA"," 33!59'29.31\"N","107!11'1.23\"W","New Mexico"
"bumble bee","EMEC_SI_MM_080312_132","Vicia pulchella","LCP","Socorro","USA"," 33!59'29.31\"N","107!11'1.23\"W","New Mexico"
"bumble bee","EMEC_SI_MM_080312_10","Vicia pulchella","HLS","Socorro","USA"," 33!59'29.31\"N","107!11'1.23\"W","New Mexico"
"bumble bee","EMEC_SI_MM_073112_112","Vicia pulchella","LCP","Socorro","USA"," 33!59'29.31\"N","107!11'1.23\"W","New Mexico"
"bumble bee","EMEC_SI_MM_080212_238","Vicia pulchella","HLS","Socorro","USA"," 33!59'29.31\"N","107!11'1.23\"W","New Mexico"
"bumble bee","EMEC_SI_MM_080212_231","Vicia pulchella","HLS","Socorro","USA"," 33!59'29.31\"N","107!11'1.23\"W","New Mexico"
"bumble bee","EMEC_SI_MM_080312_129","Vicia pulchella","LCP","Socorro","USA"," 33!59'29.31\"N","107!11'1.23\"W","New Mexico"
"bumble bee","EMEC_SI_MM_080312_143","Vicia pulchella","LCP","Socorro","USA"," 33!59'29.31\"N","107!11'1.23\"W","New Mexico"
"bumble bee","EMEC_SI_MM_080212_21","Vicia pulchella","LCP","Socorro","USA"," 33!59'29.31\"N","107!11'1.23\"W","New Mexico"
"bumble bee","EMEC_SI_MM_080412_28","Vicia pulchella","HLS","Socorro","USA"," 33!59'29.31\"N","107!11'1.23\"W","New Mexico"
"bumble bee","EMEC_SI_MM_073112_63","Vicia pulchella","LCP","Socorro","USA"," 33!59'29.31\"N","107!11'1.23\"W","New Mexico"
"bumble bee","EMEC_SI_MM_080212_22","Vicia pulchella","LCP","Socorro","USA"," 33!59'29.31\"N","107!11'1.23\"W","New Mexico"
"bumble bee","EMEC_SI_MM_080412_29","Vicia pulchella","HLS","Socorro","USA"," 33!59'29.31\"N","107!11'1.23\"W","New Mexico"
"bumble bee","EMEC_SI_MM_080312_14","Vicia pulchella","HLS","Socorro","USA"," 33!59'29.31\"N","107!11'1.23\"W","New Mexico"
"bumble bee","EMEC_SI_MM_080312_146","Vicia pulchella","LCP","Socorro","USA"," 33!59'29.31\"N","107!11'1.23\"W","New Mexico"
"bumble bee","EMEC_SI_MM_073112_65","Vicia pulchella","LCP","Socorro","USA"," 33!59'29.31\"N","107!11'1.23\"W","New Mexico"
"bumble bee","EMEC_SI_SC_072912_70","Potentilla hippiana","LCP","Bernalillo","USA"," 35!12'22.86\"N","106!26'36.15\"W","New Mexico"
"bee","EMEC_SI_MM_080312_12","Vicia pulchella","HLS","Socorro","USA"," 33!59'29.31\"N","107!11'1.23\"W","New Mexico"
"bumble bee","EMEC_SI_MM_080412_21","Vicia pulchella","HLS","Socorro","USA"," 33!59'29.31\"N","107!11'1.23\"W","New Mexico"
"bumble bee","EMEC_SI_MM_080412_24","Vicia pulchella","HLS","Socorro","USA"," 33!59'29.31\"N","107!11'1.23\"W","New Mexico"
"bumble bee","EMEC_SI_MM_080412_25","Vicia pulchella","HLS","Socorro","USA"," 33!59'29.31\"N","107!11'1.23\"W","New Mexico"
"bee","EMEC_SI_MM_073112_3","Vicia pulchella","HLS","Socorro","USA"," 33!59'29.31\"N","107!11'1.23\"W","New Mexico"
"bumble bee","EMEC_SI_MM_080112_15","Vicia pulchella","HLS","Socorro","USA"," 33!59'29.31\"N","107!11'1.23\"W","New Mexico"
"bumble bee","EMEC_SI_MM_073112_8","Vicia pulchella","HLS","Socorro","USA"," 33!59'29.31\"N","107!11'1.23\"W","New Mexico"
"bumble bee","EMEC_SI_MM_073112_114","Vicia pulchella","LCP","Socorro","USA"," 33!59'29.31\"N","107!11'1.23\"W","New Mexico"
"bumble bee","EMEC_SI_MM_080312_204","Penstemon pseudoparvus","LCP","Socorro","USA"," 33!59'29.31\"N","107!11'1.23\"W","New Mexico"
"bumble bee","EMEC_SI_MM_080412_23","Vicia pulchella","HLS","Socorro","USA"," 33!59'29.31\"N","107!11'1.23\"W","New Mexico"
"bumble bee","EMEC_SI_MM_080312_151","Vicia pulchella","LCP","Socorro","USA"," 33!59'29.31\"N","107!11'1.23\"W","New Mexico"
"bumble bee","EMEC_SI_SC_072612_104","Potentilla hippiana","HLS","Bernalillo","USA"," 35!12'22.86\"N","106!26'36.15\"W","New Mexico"
"bumble bee","EMEC_SI_SC_072112_120","Potentilla hippiana","LCP","Bernalillo","USA"," 35!12'22.86\"N","106!26'36.15\"W","New Mexico"
"bumble bee","EMEC_SI_MM_080312_206","Allium cernuum","LCP","Socorro","USA"," 33!59'29.31\"N","107!11'1.23\"W","New Mexico"
"bumble bee","EMEC_SI_MM_080212_116","Vicia pulchella","LCP","Socorro","USA"," 33!59'29.31\"N","107!11'1.23\"W","New Mexico"
"bumble bee","EMEC_SI_MM_080412_58","Potentilla hippiana","HLS","Socorro","USA"," 33!59'29.31\"N","107!11'1.23\"W","New Mexico"
"bumble bee","EMEC_SI_MM_080112_93","Phacelia heterophylla","HLS","Socorro","USA"," 33!59'29.31\"N","107!11'1.23\"W","New Mexico"
"bumble bee","EMEC_SI_MM_080112_20","Vicia pulchella","HLS","Socorro","USA"," 33!59'29.31\"N","107!11'1.23\"W","New Mexico"
"bumble bee","EMEC_SI_MM_073112_97","Monardella odoratissima","LCP","Socorro","USA"," 33!59'29.31\"N","107!11'1.23\"W","New Mexico"
"bumble bee","EMEC_SI_SC_072012_150","Potentilla hippiana","LCP","Bernalillo","USA"," 35!12'22.86\"N","106!26'36.15\"W","New Mexico"
"bumble bee","EMEC_SI_SC_072712_204","Potentilla hippiana","LCP","Bernalillo","USA"," 35!12'22.86\"N","106!26'36.15\"W","New Mexico"
"bumble bee","EMEC_SI_SC_072812_124","Hymenoxys richardsonii","LCP","Bernalillo","USA"," 35!12'22.86\"N","106!26'36.15\"W","New Mexico"
"bumble bee","EMEC_SI_MM_080112_131","Vicia pulchella","LCP","Socorro","USA"," 33!59'29.31\"N","107!11'1.23\"W","New Mexico"
"bumble bee","EMEC_SI_MM_080112_191","Potentilla hippiana","LCP","Socorro","USA"," 33!59'29.31\"N","107!11'1.23\"W","New Mexico"
"bumble bee","EMEC_SI_SC_072812_77","Hymenoxys richardsonii","HLS","Bernalillo","USA"," 35!12'22.86\"N","106!26'36.15\"W","New Mexico"
"bumble bee","EMEC_SI_MM_080112_139","Vicia pulchella","LCP","Socorro","USA"," 33!59'29.31\"N","107!11'1.23\"W","New Mexico"
"bumble bee","EMEC_SI_MM_080212_260","Potentilla hippiana","HLS","Socorro","USA"," 33!59'29.31\"N","107!11'1.23\"W","New Mexico"
"bumble bee","EMEC_SI_MM_080112_194","Potentilla hippiana","LCP","Socorro","USA"," 33!59'29.31\"N","107!11'1.23\"W","New Mexico"
"bumble bee","EMEC_SI_MM_080412_134","Vicia pulchella","LCP","Socorro","USA"," 33!59'29.31\"N","107!11'1.23\"W","New Mexico"
"bumble bee","EMEC_SI_SC_072712_81","Potentilla hippiana","HLS","Bernalillo","USA"," 35!12'22.86\"N","106!26'36.15\"W","New Mexico"
"bumble bee","EMEC_SI_SC_072612_174","Hymenoxys richardsonii","LCP","Bernalillo","USA"," 35!12'22.86\"N","106!26'36.15\"W","New Mexico"
"bee","EMEC_SI_SC_072812_43","Erigeron subtrinervis","HLS","Bernalillo","USA"," 35!12'22.86\"N","106!26'36.15\"W","New Mexico"
"bumble bee","EMEC_SI_MM_073112_70","Cirsium neomexicanum","LCP","Socorro","USA"," 33!59'29.31\"N","107!11'1.23\"W","New Mexico"
"bumble bee","EMEC_SI_SC_072812_118","Hymenoxys richardsonii","LCP","Bernalillo","USA"," 35!12'22.86\"N","106!26'36.15\"W","New Mexico"
"bumble bee","EMEC_SI_SC_072812_82","Potentilla hippiana","HLS","Bernalillo","USA"," 35!12'22.86\"N","106!26'36.15\"W","New Mexico"
"bumble bee","EMEC_SI_SC_072712_199","Potentilla hippiana","LCP","Bernalillo","USA"," 35!12'22.86\"N","106!26'36.15\"W","New Mexico"
"bumble bee","EMEC_SI_SC_072712_219","Solidago multiradiata","LCP","Bernalillo","USA"," 35!12'22.86\"N","106!26'36.15\"W","New Mexico"
"bumble bee","EMEC_SI_MM_073112_67","Vicia pulchella","LCP","Socorro","USA"," 33!59'29.31\"N","107!11'1.23\"W","New Mexico"
"bumble bee","EMEC_SI_SC_072112_149","Hymenoxys richardsonii","LCP","Bernalillo","USA"," 35!12'22.86\"N","106!26'36.15\"W","New Mexico"
"bumble bee","EMEC_SI_SC_072012_208","Hymenoxys richardsonii","HLS","Bernalillo","USA"," 35!12'22.86\"N","106!26'36.15\"W","New Mexico"
"bumble bee","EMEC_SI_SC_072012_207","Hymenoxys richardsonii","HLS","Bernalillo","USA"," 35!12'22.86\"N","106!26'36.15\"W","New Mexico"
"bumble bee","EMEC_SI_SC_072612_219","Erigeron subtrinervis","LCP","Bernalillo","USA"," 35!12'22.86\"N","106!26'36.15\"W","New Mexico"
"bumble bee","EMEC_SI_MM_080412_218","Commelina dianthifolia","LCP","Socorro","USA"," 33!59'29.31\"N","107!11'1.23\"W","New Mexico"
"bumble bee","EMEC_SI_SC_072612_172","Hymenoxys richardsonii","LCP","Bernalillo","USA"," 35!12'22.86\"N","106!26'36.15\"W","New Mexico"
"bumble bee","EMEC_SI_SC_072012_116","Hymenoxys richardsonii","LCP","Bernalillo","USA"," 35!12'22.86\"N","106!26'36.15\"W","New Mexico"
"bumble bee","EMEC_SI_MM_080412_139","Vicia pulchella","LCP","Socorro","USA"," 33!59'29.31\"N","107!11'1.23\"W","New Mexico"
"bumble bee","EMEC_SI_SC_072312_8","Hymenoxys richardsonii","HLS","Bernalillo","USA"," 35!12'22.86\"N","106!26'36.15\"W","New Mexico"
"bumble bee","EMEC_SI_SC_072012_126","Hymenoxys richardsonii","LCP","Bernalillo","USA"," 35!12'22.86\"N","106!26'36.15\"W","New Mexico"
"bumble bee","EMEC_SI_SC_072012_211","Hymenoxys richardsonii","HLS","Bernalillo","USA"," 35!12'22.86\"N","106!26'36.15\"W","New Mexico"
"bumble bee","EMEC_SI_SC_072112_22","Erigeron subtrinervis","HLS","Bernalillo","USA"," 35!12'22.86\"N","106!26'36.15\"W","New Mexico"
"bumble bee","EMEC_SI_SC_072012_276","Hymenoxys richardsonii","HLS","Bernalillo","USA"," 35!12'22.86\"N","106!26'36.15\"W","New Mexico"
"bumble bee","EMEC_SI_SC_072012_243","Erigeron subtrinervis","HLS","Bernalillo","USA"," 35!12'22.86\"N","106!26'36.15\"W","New Mexico"
"bumble bee","EMEC_SI_SC_072112_41","Hymenoxys richardsonii","HLS","Bernalillo","USA"," 35!12'22.86\"N","106!26'36.15\"W","New Mexico"
"bumble bee","EMEC_SI_SC_072012_205","Hymenoxys richardsonii","HLS","Bernalillo","USA"," 35!12'22.86\"N","106!26'36.15\"W","New Mexico"
"bumble bee","EMEC_SI_SC_072112_39","Hymenoxys richardsonii","HLS","Bernalillo","USA"," 35!12'22.86\"N","106!26'36.15\"W","New Mexico"
"bumble bee","EMEC_SI_SC_072112_40","Hymenoxys richardsonii","HLS","Bernalillo","USA"," 35!12'22.86\"N","106!26'36.15\"W","New Mexico"
"bumble bee","EMEC_SI_SC_072012_213","Hymenoxys richardsonii","HLS","Bernalillo","USA"," 35!12'22.86\"N","106!26'36.15\"W","New Mexico"
"bumble bee","EMEC_SI_SC_072012_317","Hymenoxys richardsonii","LCP","Bernalillo","USA"," 35!12'22.86\"N","106!26'36.15\"W","New Mexico"
"bumble bee","EMEC_SI_SC_072012_309","Solidago multiradiata","LCP","Bernalillo","USA"," 35!12'22.86\"N","106!26'36.15\"W","New Mexico"
"bumble bee","EMEC_SI_SC_072112_143","Hymenoxys richardsonii","LCP","Bernalillo","USA"," 35!12'22.86\"N","106!26'36.15\"W","New Mexico"
"bumble bee","EMEC_SI_SC_072712_213","Hymenoxys richardsonii","LCP","Bernalillo","USA"," 35!12'22.86\"N","106!26'36.15\"W","New Mexico"
"bumble bee","EMEC_SI_SC_072112_113","Solidago multiradiata","LCP","Bernalillo","USA"," 35!12'22.86\"N","106!26'36.15\"W","New Mexico"
"bumble bee","EMEC_SI_SC_072812_123","Hymenoxys richardsonii","LCP","Bernalillo","USA"," 35!12'22.86\"N","106!26'36.15\"W","New Mexico"
"bumble bee","EMEC_SI_SC_072112_150","Hymenoxys richardsonii","LCP","Bernalillo","USA"," 35!12'22.86\"N","106!26'36.15\"W","New Mexico"
"bumble bee","EMEC_SI_SC_072312_154","Solidago multiradiata","LCP","Bernalillo","USA"," 35!12'22.86\"N","106!26'36.15\"W","New Mexico"
"bumble bee","EMEC_SI_SC_072312_248","Hymenoxys richardsonii","LCP","Bernalillo","USA"," 35!12'22.86\"N","106!26'36.15\"W","New Mexico"
"bumble bee","EMEC_SI_SC_072612_199","Erigeron subtrinervis","LCP","Bernalillo","USA"," 35!12'22.86\"N","106!26'36.15\"W","New Mexico"
"bumble bee","EMEC_SI_SC_072812_119","Hymenoxys richardsonii","LCP","Bernalillo","USA"," 35!12'22.86\"N","106!26'36.15\"W","New Mexico"
"bumble bee","EMEC_SI_SC_072112_145","Hymenoxys richardsonii","LCP","Bernalillo","USA"," 35!12'22.86\"N","106!26'36.15\"W","New Mexico"
"bumble bee","EMEC_SI_SC_072112_146","Hymenoxys richardsonii","LCP","Bernalillo","USA"," 35!12'22.86\"N","106!26'36.15\"W","New Mexico"
"bumble bee","EMEC_SI_SC_072112_144","Hymenoxys richardsonii","LCP","Bernalillo","USA"," 35!12'22.86\"N","106!26'36.15\"W","New Mexico"
"bumble bee","EMEC_SI_SC_072012_101","Hymenoxys richardsonii","LCP","Bernalillo","USA"," 35!12'22.86\"N","106!26'36.15\"W","New Mexico"
"bumble bee","EMEC_SI_SC_072012_115","Hymenoxys richardsonii","LCP","Bernalillo","USA"," 35!12'22.86\"N","106!26'36.15\"W","New Mexico"
"bumble bee","EMEC_SI_SC_072712_217","Hymenoxys richardsonii","LCP","Bernalillo","USA"," 35!12'22.86\"N","106!26'36.15\"W","New Mexico"
"bumble bee","EMEC_SI_SC_072312_10","Hymenoxys richardsonii","HLS","Bernalillo","USA"," 35!12'22.86\"N","106!26'36.15\"W","New Mexico"
"bumble bee","EMEC_SI_SC_072012_103","Hymenoxys richardsonii","LCP","Bernalillo","USA"," 35!12'22.86\"N","106!26'36.15\"W","New Mexico"
"bumble bee","EMEC_SI_SC_072312_9","Hymenoxys richardsonii","HLS","Bernalillo","USA"," 35!12'22.86\"N","106!26'36.15\"W","New Mexico"
"bumble bee","EMEC_SI_SC_072012_102","Hymenoxys richardsonii","LCP","Bernalillo","USA"," 35!12'22.86\"N","106!26'36.15\"W","New Mexico"
"bumble bee","EMEC_SI_SC_072812_122","Hymenoxys richardsonii","LCP","Bernalillo","USA"," 35!12'22.86\"N","106!26'36.15\"W","New Mexico"
"bumble bee","EMEC_SI_JC_071212_83","Erigeron subtrinervis","LCP","Santa Fe","USA"," 35!51'18.33\"N","105!38'26.07\"W","New Mexico"
"bumble bee","EMEC_SI_JC_071212_36","Senecio eremophilus","LCP","Santa Fe","USA"," 35!51'18.33\"N","105!38'26.07\"W","New Mexico"
"bumble bee","EMEC_SI_JC_071212_69","Potentilla hippiana","LCP","Santa Fe","USA"," 35!51'18.33\"N","105!38'26.07\"W","New Mexico"
"bumble bee","EMEC_SI_JC_071512_66","Potentilla hippiana","LCP","Santa Fe","USA"," 35!51'18.33\"N","105!38'26.07\"W","New Mexico"
"bumble bee","EMEC_SI_MM_080312_31","Vicia pulchella","HLS","Socorro","USA"," 33!59'29.31\"N","107!11'1.23\"W","New Mexico"
"bumble bee","EMEC_SI_MM_080212_299","Cirsium neomexicanum","HLS","Socorro","USA"," 33!59'29.31\"N","107!11'1.23\"W","New Mexico"
"bumble bee","EMEC_SI_MM_080112_226","Phacelia heterophylla","LCP","Socorro","USA"," 33!59'29.31\"N","107!11'1.23\"W","New Mexico"
"bumble bee","EMEC_SI_MM_080412_206","Heterothece pumila","LCP","Socorro","USA"," 33!59'29.31\"N","107!11'1.23\"W","New Mexico"
"bumble bee","EMEC_SI_MM_080412_97","Phacelia heterophylla","HLS","Socorro","USA"," 33!59'29.31\"N","107!11'1.23\"W","New Mexico"
"bumble bee","EMEC_SI_JC_071512_22","Hymenopappus newberryi","LCP","Santa Fe","USA"," 35!51'18.33\"N","105!38'26.07\"W","New Mexico"
"bumble bee","EMEC_SI_JC_071512_110","Castilleja miniata","LCP","Santa Fe","USA"," 35!51'18.33\"N","105!38'26.07\"W","New Mexico"
"bumble bee","EMEC_SI_JC_071512_120","Castilleja miniata","HLS","Santa Fe","USA"," 35!51'18.33\"N","105!38'26.07\"W","New Mexico"
"bumble bee","EMEC_SI_MM_080412_99","Phacelia heterophylla","HLS","Socorro","USA"," 33!59'29.31\"N","107!11'1.23\"W","New Mexico"
"bumble bee","EMEC_SI_MM_080412_235","Phacelia heterophylla","LCP","Socorro","USA"," 33!59'29.31\"N","107!11'1.23\"W","New Mexico"
"bumble bee","EMEC_SI_SC_072912_79","Potentilla hippiana","LCP","Bernalillo","USA"," 35!12'22.86\"N","106!26'36.15\"W","New Mexico"
"bumble bee","EMEC_SI_MM_080312_99","Phacelia heterophylla","HLS","Socorro","USA"," 33!59'29.31\"N","107!11'1.23\"W","New Mexico"
"bumble bee","EMEC_SI_JC_071512_73","Geranium caespitosum","LCP","Santa Fe","USA"," 35!51'18.33\"N","105!38'26.07\"W","New Mexico"
"bumble bee","EMEC_SI_JC_071512_142","Allium cernuum","HLS","Santa Fe","USA"," 35!51'18.33\"N","105!38'26.07\"W","New Mexico"
"bumble bee","EMEC_SI_JC_071612_71","Senecio eremophilus","LCP","Santa Fe","USA"," 35!51'18.33\"N","105!38'26.07\"W","New Mexico"
"bumble bee","EMEC_SI_JC_071712_174","Allium cernuum","LCP","Santa Fe","USA"," 35!51'18.33\"N","105!38'26.07\"W","New Mexico"
"bumble bee","EMEC_SI_JC_071712_173","Allium cernuum","LCP","Santa Fe","USA"," 35!51'18.33\"N","105!38'26.07\"W","New Mexico"
"syrphid","EMEC_SI_MM_080412_95","Verbascum thapsus","HLS","Socorro","USA"," 33!59'29.31\"N","107!11'1.23\"W","New Mexico"
"bee","EMEC_SI_MM_080412_120","Penstemon pseudoparvus","LCP","Socorro","USA"," 33!59'29.31\"N","107!11'1.23\"W","New Mexico"
"bumble bee","EMEC_SI_JC_071212_77","Senecio eremophilus","LCP","Santa Fe","USA"," 35!51'18.33\"N","105!38'26.07\"W","New Mexico"
"bumble bee","EMEC_SI_JC_071512_74","Trifolium pratense","LCP","Santa Fe","USA"," 35!51'18.33\"N","105!38'26.07\"W","New Mexico"
"bumble bee","EMEC_SI_JC_071212_53","Castilleja miniata","LCP","Santa Fe","USA"," 35!51'18.33\"N","105!38'26.07\"W","New Mexico"
"bumble bee","EMEC_SI_JC_071212_84","Erigeron subtrinervis","LCP","Santa Fe","USA"," 35!51'18.33\"N","105!38'26.07\"W","New Mexico"
"bumble bee","EMEC_SI_JC_071412_36","Penstemon barbatus","LCP","Santa Fe","USA"," 35!51'18.33\"N","105!38'26.07\"W","New Mexico"
"bumble bee","EMEC_SI_JC_071412_35","Penstemon barbatus","LCP","Santa Fe","USA"," 35!51'18.33\"N","105!38'26.07\"W","New Mexico"
"bumble bee","EMEC_SI_MM_073112_66","Vicia pulchella","LCP","Socorro","USA"," 33!59'29.31\"N","107!11'1.23\"W","New Mexico"
"bumble bee","EMEC_SI_MM_080112_94","Phacelia heterophylla","HLS","Socorro","USA"," 33!59'29.31\"N","107!11'1.23\"W","New Mexico"
"bee","EMEC_SI_MM_080212_93","Phacelia heterophylla","LCP","Socorro","USA"," 33!59'29.31\"N","107!11'1.23\"W","New Mexico"
"bee","EMEC_SI_MM_080312_8","Vicia pulchella","HLS","Socorro","USA"," 33!59'29.31\"N","107!11'1.23\"W","New Mexico"
"bee","EMEC_SI_MM_080312_128","Vicia pulchella","LCP","Socorro","USA"," 33!59'29.31\"N","107!11'1.23\"W","New Mexico"
"bumble bee","EMEC_SI_MM_080412_98","Phacelia heterophylla","HLS","Socorro","USA"," 33!59'29.31\"N","107!11'1.23\"W","New Mexico"
"bumble bee","EMEC_SI_SC_072012_124","Hymenoxys richardsonii","LCP","Bernalillo","USA"," 35!12'22.86\"N","106!26'36.15\"W","New Mexico"
"bee","EMEC_SI_SC_072712_111","Penstemon strictus","LCP","Bernalillo","USA"," 35!12'22.86\"N","106!26'36.15\"W","New Mexico"
"bumble bee","EMEC_SI_SC_072812_80","Potentilla hippiana","HLS","Bernalillo","USA"," 35!12'22.86\"N","106!26'36.15\"W","New Mexico"
"bumble bee","EMEC_SI_SC_072912_81","Potentilla hippiana","LCP","Bernalillo","USA"," 35!12'22.86\"N","106!26'36.15\"W","New Mexico"
"bumble bee","EMEC_SI_MM_080412_234","Phacelia heterophylla","LCP","Socorro","USA"," 33!59'29.31\"N","107!11'1.23\"W","New Mexico"
"bumble bee","EMEC_SI_MM_080112_31","Hymenopappus newberryi","HLS","Socorro","USA"," 33!59'29.31\"N","107!11'1.23\"W","New Mexico"
"bee","EMEC_SI_MM_080312_122","Vicia pulchella","LCP","Socorro","USA"," 33!59'29.31\"N","107!11'1.23\"W","New Mexico"
"bumble bee","EMEC_SI_MM_073112_19","Vicia pulchella","HLS","Socorro","USA"," 33!59'29.31\"N","107!11'1.23\"W","New Mexico"
"bumble bee","EMEC_SI_MM_073112_121","Heterothece pumila","HLS","Socorro","USA"," 33!59'29.31\"N","107!11'1.23\"W","New Mexico"
"bumble bee","EMEC_SI_JC_071712_109","Castilleja miniata","LCP","Santa Fe","USA"," 35!51'18.33\"N","105!38'26.07\"W","New Mexico"
"bumble bee","EMEC_SI_JC_071712_18","Penstemon barbatus","HLS","Santa Fe","USA"," 35!51'18.33\"N","105!38'26.07\"W","New Mexico"
"bumble bee","EMEC_SI_SC_072012_125","Hymenoxys richardsonii","LCP","Bernalillo","USA"," 35!12'22.86\"N","106!26'36.15\"W","New Mexico"
"bumble bee","EMEC_SI_SC_072012_275","Hymenoxys richardsonii","HLS","Bernalillo","USA"," 35!12'22.86\"N","106!26'36.15\"W","New Mexico"
"bumble bee","EMEC_SI_SC_072312_242","Hymenoxys richardsonii","LCP","Bernalillo","USA"," 35!12'22.86\"N","106!26'36.15\"W","New Mexico"
"bumble bee","EMEC_SI_MM_080312_205","Cirsium neomexicanum","LCP","Socorro","USA"," 33!59'29.31\"N","107!11'1.23\"W","New Mexico"
"bumble bee","EMEC_SI_SC_072012_113","Solidago multiradiata","LCP","Bernalillo","USA"," 35!12'22.86\"N","106!26'36.15\"W","New Mexico"
"bumble bee","EMEC_SI_SC_072612_155","Penstemon strictus","LCP","Bernalillo","USA"," 35!12'22.86\"N","106!26'36.15\"W","New Mexico"
"bumble bee","EMEC_SI_SC_072312_35","Potentilla hippiana","HLS","Bernalillo","USA"," 35!12'22.86\"N","106!26'36.15\"W","New Mexico"
"bumble bee","EMEC_SI_SC_072312_279","Potentilla hippiana","LCP","Bernalillo","USA"," 35!12'22.86\"N","106!26'36.15\"W","New Mexico"
"bumble bee","EMEC_SI_SC_072812_133","Potentilla hippiana","LCP","Bernalillo","USA"," 35!12'22.86\"N","106!26'36.15\"W","New Mexico"
"bumble bee","EMEC_SI_SC_072112_52","Potentilla hippiana","HLS","Bernalillo","USA"," 35!12'22.86\"N","106!26'36.15\"W","New Mexico"
"bumble bee","EMEC_SI_SC_072612_180","Potentilla hippiana","LCP","Bernalillo","USA"," 35!12'22.86\"N","106!26'36.15\"W","New Mexico"
"bumble bee","EMEC_SI_SC_072612_184","Potentilla hippiana","LCP","Bernalillo","USA"," 35!12'22.86\"N","106!26'36.15\"W","New Mexico"
"bumble bee","EMEC_SI_JC_071212_1","Penstemon barbatus","LCP","Santa Fe","USA"," 35!51'18.33\"N","105!38'26.07\"W","New Mexico"
"bumble bee","EMEC_SI_SC_072712_207","Potentilla hippiana","LCP","Bernalillo","USA"," 35!12'22.86\"N","106!26'36.15\"W","New Mexico"
"bumble bee","EMEC_SI_SC_072812_200","Mirabilis oblongifolia","LCP","Bernalillo","USA"," 35!12'22.86\"N","106!26'36.15\"W","New Mexico"
"bumble bee","EMEC_SI_MM_080212_172","Gentiana affinis","LCP","Socorro","USA"," 33!59'29.31\"N","107!11'1.23\"W","New Mexico"
"bumble bee","EMEC_SI_MM_080212_78","Penstemon pseudoparvus","LCP","Socorro","USA"," 33!59'29.31\"N","107!11'1.23\"W","New Mexico"
"bumble bee","EMEC_SI_MM_080212_107","Agastaene pallidiflora ssp. pallidiflora","LCP","Socorro","USA"," 33!59'29.31\"N","107!11'1.23\"W","New Mexico"
"bumble bee","EMEC_SI_MM_080212_91","Phacelia heterophylla","LCP","Socorro","USA"," 33!59'29.31\"N","107!11'1.23\"W","New Mexico"
"bumble bee","EMEC_SI_MM_080112_138","Vicia pulchella","LCP","Socorro","USA"," 33!59'29.31\"N","107!11'1.23\"W","New Mexico"
"bumble bee","EMEC_SI_MM_080312_70","Potentilla hippiana","HLS","Socorro","USA"," 33!59'29.31\"N","107!11'1.23\"W","New Mexico"
"bumble bee","EMEC_SI_MM_073112_106","Phacelia heterophylla","LCP","Socorro","USA"," 33!59'29.31\"N","107!11'1.23\"W","New Mexico"
"bumble bee","EMEC_SI_MM_080412_108","Penstemon pseudoparvus","LCP","Socorro","USA"," 33!59'29.31\"N","107!11'1.23\"W","New Mexico"
"bumble bee","EMEC_SI_MM_080312_72","Potentilla hippiana","HLS","Socorro","USA"," 33!59'29.31\"N","107!11'1.23\"W","New Mexico"
"bumble bee","EMEC_SI_MM_080312_154","Gentiana affinis","LCP","Socorro","USA"," 33!59'29.31\"N","107!11'1.23\"W","New Mexico"
"bumble bee","EMEC_SI_MM_080212_190","Monardella odoratissima","HLS","Socorro","USA"," 33!59'29.31\"N","107!11'1.23\"W","New Mexico"
"bumble bee","EMEC_SI_JC_071412_15","Campanula rotundifolia","LCP","Santa Fe","USA"," 35!51'18.33\"N","105!38'26.07\"W","New Mexico"
"bumble bee","EMEC_SI_JC_071712_154","Campanula rotundifolia","LCP","Santa Fe","USA"," 35!51'18.33\"N","105!38'26.07\"W","New Mexico"
"bumble bee","EMEC_SI_JC_071112_20","Erigeron subtrinervis","LCP","Santa Fe","USA"," 35!51'18.33\"N","105!38'26.07\"W","New Mexico"
"bumble bee","EMEC_SI_JC_071412_145","Campanula rotundifolia","HLS","Santa Fe","USA"," 35!51'18.33\"N","105!38'26.07\"W","New Mexico"
"bumble bee","EMEC_SI_JC_071512_54","Erigeron subtrinervis","LCP","Santa Fe","USA"," 35!51'18.33\"N","105!38'26.07\"W","New Mexico"
"bumble bee","EMEC_SI_JC_071712_150","Campanula rotundifolia","LCP","Santa Fe","USA"," 35!51'18.33\"N","105!38'26.07\"W","New Mexico"
"bumble bee","EMEC_SI_JC_071712_112","Campanula rotundifolia","LCP","Santa Fe","USA"," 35!51'18.33\"N","105!38'26.07\"W","New Mexico"
"bumble bee","EMEC_SI_JC_071212_13","Erigeron subtrinervis","HLS","Santa Fe","USA"," 35!51'18.33\"N","105!38'26.07\"W","New Mexico"
"bumble bee","EMEC_SI_JC_071212_39","Campanula rotundifolia","LCP","Santa Fe","USA"," 35!51'18.33\"N","105!38'26.07\"W","New Mexico"
"bumble bee","EMEC_SI_JC_071112_12","Erigeron subtrinervis","LCP","Santa Fe","USA"," 35!51'18.33\"N","105!38'26.07\"W","New Mexico"
"bumble bee","EMEC_SI_JC_071612_48","Geranium caespitosum","LCP","Santa Fe","USA"," 35!51'18.33\"N","105!38'26.07\"W","New Mexico"
"bumble bee","EMEC_SI_JC_071712_168","Erigeron subtrinervis","LCP","Santa Fe","USA"," 35!51'18.33\"N","105!38'26.07\"W","New Mexico"
"bumble bee","EMEC_SI_JC_071712_48","Campanula rotundifolia","LCP","Santa Fe","USA"," 35!51'18.33\"N","105!38'26.07\"W","New Mexico"
"bumble bee","EMEC_SI_JC_071612_111","Campanula rotundifolia","LCP","Santa Fe","USA"," 35!51'18.33\"N","105!38'26.07\"W","New Mexico"
"bumble bee","EMEC_SI_JC_071612_75","Campanula rotundifolia","LCP","Santa Fe","USA"," 35!51'18.33\"N","105!38'26.07\"W","New Mexico"
"bumble bee","EMEC_SI_JC_071612_74","Campanula rotundifolia","LCP","Santa Fe","USA"," 35!51'18.33\"N","105!38'26.07\"W","New Mexico"
"bumble bee","EMEC_SI_JC_071612_73","Campanula rotundifolia","LCP","Santa Fe","USA"," 35!51'18.33\"N","105!38'26.07\"W","New Mexico"
"bumble bee","EMEC_SI_JC_071612_72","Campanula rotundifolia","LCP","Santa Fe","USA"," 35!51'18.33\"N","105!38'26.07\"W","New Mexico"
"bumble bee","EMEC_SI_JC_071512_158","Campanula rotundifolia","HLS","Santa Fe","USA"," 35!51'18.33\"N","105!38'26.07\"W","New Mexico"
"bumble bee","EMEC_SI_JC_071512_114","Campanula rotundifolia","LCP","Santa Fe","USA"," 35!51'18.33\"N","105!38'26.07\"W","New Mexico"
"bumble bee","EMEC_SI_JC_071512_112","Campanula rotundifolia","LCP","Santa Fe","USA"," 35!51'18.33\"N","105!38'26.07\"W","New Mexico"
"bumble bee","EMEC_SI_JC_071412_123","Erigeron subtrinervis","LCP","Santa Fe","USA"," 35!51'18.33\"N","105!38'26.07\"W","New Mexico"
"bumble bee","EMEC_SI_JC_071412_30","Campanula rotundifolia","LCP","Santa Fe","USA"," 35!51'18.33\"N","105!38'26.07\"W","New Mexico"
"bumble bee","EMEC_SI_JC_071412_31","Campanula rotundifolia","LCP","Santa Fe","USA"," 35!51'18.33\"N","105!38'26.07\"W","New Mexico"
"bumble bee","EMEC_SI_JC_071412_32","Campanula rotundifolia","LCP","Santa Fe","USA"," 35!51'18.33\"N","105!38'26.07\"W","New Mexico"
"bumble bee","EMEC_SI_JC_071212_38","Campanula rotundifolia","LCP","Santa Fe","USA"," 35!51'18.33\"N","105!38'26.07\"W","New Mexico"
"bumble bee","EMEC_SI_JC_071212_104","Campanula rotundifolia","LCP","Santa Fe","USA"," 35!51'18.33\"N","105!38'26.07\"W","New Mexico"
"bumble bee","EMEC_SI_JC_071212_24","Potentilla hippiana","HLS","Santa Fe","USA"," 35!51'18.33\"N","105!38'26.07\"W","New Mexico"
"bumble bee","EMEC_SI_JC_071212_123","Campanula rotundifolia","HLS","Santa Fe","USA"," 35!51'18.33\"N","105!38'26.07\"W","New Mexico"
"bumble bee","EMEC_SI_JC_071112_4","Erigeron subtrinervis","LCP","Santa Fe","USA"," 35!51'18.33\"N","105!38'26.07\"W","New Mexico"
"bumble bee","EMEC_SI_JC_071112_26","Campanula rotundifolia","LCP","Santa Fe","USA"," 35!51'18.33\"N","105!38'26.07\"W","New Mexico"
"bumble bee","EMEC_SI_MM_080212_92","Phacelia heterophylla","LCP","Socorro","USA"," 33!59'29.31\"N","107!11'1.23\"W","New Mexico"
"bumble bee","EMEC_SI_JC_071412_17","Campanula rotundifolia","LCP","Santa Fe","USA"," 35!51'18.33\"N","105!38'26.07\"W","New Mexico"
"bumble bee","EMEC_SI_JC_071512_70","Campanula rotundifolia","LCP","Santa Fe","USA"," 35!51'18.33\"N","105!38'26.07\"W","New Mexico"
"bumble bee","EMEC_SI_JC_071712_152","Campanula rotundifolia","LCP","Santa Fe","USA"," 35!51'18.33\"N","105!38'26.07\"W","New Mexico"
"bumble bee","EMEC_SI_JC_071712_153","Campanula rotundifolia","LCP","Santa Fe","USA"," 35!51'18.33\"N","105!38'26.07\"W","New Mexico"
"bumble bee","EMEC_SI_JC_071712_157","Campanula rotundifolia","LCP","Santa Fe","USA"," 35!51'18.33\"N","105!38'26.07\"W","New Mexico"
"bumble bee","EMEC_SI_JC_071712_37","Campanula rotundifolia","LCP","Santa Fe","USA"," 35!51'18.33\"N","105!38'26.07\"W","New Mexico"
"bumble bee","EMEC_SI_PL_081012_248","Cirsium parryi","HLS","Graham","USA"," 32!40'6.21\"N","109!52'39.51\"W","Arizona"
"bumble bee","EMEC_SI_PL_080912_133","Cirsium parryi","HLS","Graham","USA"," 32!40'6.21\"N","109!52'39.51\"W","Arizona"
"bumble bee","EMEC_SI_PL_081112_57","Hymenoxys hoopesii","HLS","Graham","USA"," 32!40'6.21\"N","109!52'39.51\"W","Arizona"
"bumble bee","EMEC_SI_PL_080912_136","Hypericum scouleri","HLS","Graham","USA"," 32!40'6.21\"N","109!52'39.51\"W","Arizona"
"bumble bee","EMEC_SI_PL_080912_131","Cirsium parryi","HLS","Graham","USA"," 32!40'6.21\"N","109!52'39.51\"W","Arizona"
"bee","EMEC_SI_PL_081012_12","Cirsium parryi","LCP","Graham","USA"," 32!40'6.21\"N","109!52'39.51\"W","Arizona"
"bumble bee","EMEC_SI_PL_081212_150","Cirsium parryi","HLS","Graham","USA"," 32!40'6.21\"N","109!52'39.51\"W","Arizona"
"bumble bee","EMEC_SI_PL_080912_250","Cirsium parryi","LCP","Graham","USA"," 32!40'6.21\"N","109!52'39.51\"W","Arizona"
"bumble bee","EMEC_SI_PL_081112_147","Cirsium parryi","LCP","Graham","USA"," 32!40'6.21\"N","109!52'39.51\"W","Arizona"
"bumble bee","EMEC_SI_PL_081012_252","Cirsium parryi","HLS","Graham","USA"," 32!40'6.21\"N","109!52'39.51\"W","Arizona"
"bumble bee","EMEC_SI_PL_081112_137","Cirsium parryi","LCP","Graham","USA"," 32!40'6.21\"N","109!52'39.51\"W","Arizona"
"bee","EMEC_SI_PL_081112_180","Penstemon strictus","LCP","Graham","USA"," 32!40'6.21\"N","109!52'39.51\"W","Arizona"
"bumble bee","EMEC_SI_PL_081112_3","Cirsium parryi","HLS","Graham","USA"," 32!40'6.21\"N","109!52'39.51\"W","Arizona"
"bumble bee","EMEC_SI_PL_081112_136","Cirsium parryi","LCP","Graham","USA"," 32!40'6.21\"N","109!52'39.51\"W","Arizona"
"bumble bee","EMEC_SI_PL_081112_28","Cirsium parryi","HLS","Graham","USA"," 32!40'6.21\"N","109!52'39.51\"W","Arizona"
"bumble bee","EMEC_SI_PL_081212_152","Cirsium parryi","HLS","Graham","USA"," 32!40'6.21\"N","109!52'39.51\"W","Arizona"
"bumble bee","EMEC_SI_PL_081012_16","Cirsium parryi","LCP","Graham","USA"," 32!40'6.21\"N","109!52'39.51\"W","Arizona"
"bumble bee","EMEC_SI_PL_080912_248","Cirsium parryi","LCP","Graham","USA"," 32!40'6.21\"N","109!52'39.51\"W","Arizona"
"bumble bee","EMEC_SI_PL_080912_135","Cirsium parryi","HLS","Graham","USA"," 32!40'6.21\"N","109!52'39.51\"W","Arizona"
"bumble bee","EMEC_SI_PL_081212_21","Cirsium parryi","LCP","Graham","USA"," 32!40'6.21\"N","109!52'39.51\"W","Arizona"
"bumble bee","EMEC_SI_PL_081212_153","Cirsium parryi","HLS","Graham","USA"," 32!40'6.21\"N","109!52'39.51\"W","Arizona"
"bumble bee","EMEC_SI_PL_081312_9","Cirsium parryi","LCP","Graham","USA"," 32!40'6.21\"N","109!52'39.51\"W","Arizona"
"bumble bee","EMEC_SI_PL_081312_168","Cirsium parryi","HLS","Graham","USA"," 32!40'6.21\"N","109!52'39.51\"W","Arizona"
"bee","EMEC_SI_PL_081112_178","Penstemon strictus","LCP","Graham","USA"," 32!40'6.21\"N","109!52'39.51\"W","Arizona"
"bee","EMEC_SI_PL_081312_21","Penstemon strictus","LCP","Graham","USA"," 32!40'6.21\"N","109!52'39.51\"W","Arizona"
"bumble bee","EMEC_SI_PL_081312_113","Cirsium arizonicum var. arizonicum","LCP","Graham","USA"," 32!40'6.21\"N","109!52'39.51\"W","Arizona"
"bumble bee","EMEC_SI_PL_081212_14","Cirsium parryi","LCP","Graham","USA"," 32!40'6.21\"N","109!52'39.51\"W","Arizona"
"bumble bee","EMEC_SI_PL_081212_151","Cirsium parryi","HLS","Graham","USA"," 32!40'6.21\"N","109!52'39.51\"W","Arizona"
"bumble bee","EMEC_SI_PL_081312_167","Cirsium parryi","HLS","Graham","USA"," 32!40'6.21\"N","109!52'39.51\"W","Arizona"
"bumble bee","EMEC_SI_PL_081312_170","Cirsium parryi","HLS","Graham","USA"," 32!40'6.21\"N","109!52'39.51\"W","Arizona"
"bumble bee","EMEC_SI_PL_081312_162","Cirsium parryi","HLS","Graham","USA"," 32!40'6.21\"N","109!52'39.51\"W","Arizona"
"bumble bee","EMEC_SI_PL_081312_160","Cirsium parryi","HLS","Graham","USA"," 32!40'6.21\"N","109!52'39.51\"W","Arizona"
"bee","EMEC_SI_PL_081212_263","Cirsium parryi","HLS","Graham","USA"," 32!40'6.21\"N","109!52'39.51\"W","Arizona"
"bumble bee","EMEC_SI_PL_081112_155","Cirsium parryi","LCP","Graham","USA"," 32!40'6.21\"N","109!52'39.51\"W","Arizona"
"bumble bee","EMEC_SI_PL_081312_296","Cirsium parryi","LCP","Graham","USA"," 32!40'6.21\"N","109!52'39.51\"W","Arizona"
"bumble bee","EMEC_SI_PL_081312_163","Cirsium parryi","HLS","Graham","USA"," 32!40'6.21\"N","109!52'39.51\"W","Arizona"
"bumble bee","EMEC_SI_PL_081312_166","Cirsium parryi","HLS","Graham","USA"," 32!40'6.21\"N","109!52'39.51\"W","Arizona"
"bumble bee","EMEC_SI_PL_080912_335","Hypericum scouleri","LCP","Graham","USA"," 32!40'6.21\"N","109!52'39.51\"W","Arizona"
"bumble bee","EMEC_SI_MM_073112_64","Vicia pulchella","LCP","Socorro","USA"," 33!59'29.31\"N","107!11'1.23\"W","New Mexico"
"bee","EMEC_SI_PL_081012_85","Dodecatheon pulchellum","LCP","Graham","USA"," 32!40'6.21\"N","109!52'39.51\"W","Arizona"
"bumble bee","EMEC_SI_PL_080912_134","Cirsium parryi","HLS","Graham","USA"," 32!40'6.21\"N","109!52'39.51\"W","Arizona"
"bumble bee","EMEC_SI_PL_081312_122","Cirsium parryi","LCP","Graham","USA"," 32!40'6.21\"N","109!52'39.51\"W","Arizona"
"bumble bee","EMEC_SI_PL_081112_7","Cirsium parryi","HLS","Graham","USA"," 32!40'6.21\"N","109!52'39.51\"W","Arizona"
"bumble bee","EMEC_SI_PL_080912_344","Penstemon strictus","LCP","Graham","USA"," 32!40'6.21\"N","109!52'39.51\"W","Arizona"
"bee","EMEC_SI_PL_081012_8","Cirsium parryi","LCP","Graham","USA"," 32!40'6.21\"N","109!52'39.51\"W","Arizona"
"bee","EMEC_SI_PL_081012_7","Cirsium parryi","LCP","Graham","USA"," 32!40'6.21\"N","109!52'39.51\"W","Arizona"
"bumble bee","EMEC_SI_PL_080912_130","Cirsium parryi","HLS","Graham","USA"," 32!40'6.21\"N","109!52'39.51\"W","Arizona"
"bumble bee","EMEC_SI_PL_081112_200","Glandularia bipinnatifida","LCP","Graham","USA"," 32!40'6.21\"N","109!52'39.51\"W","Arizona"
"bumble bee","EMEC_SI_PL_081012_15","Cirsium parryi","LCP","Graham","USA"," 32!40'6.21\"N","109!52'39.51\"W","Arizona"
"bumble bee","EMEC_SI_PL_081112_2","Cirsium parryi","HLS","Graham","USA"," 32!40'6.21\"N","109!52'39.51\"W","Arizona"
"bumble bee","EMEC_SI_PL_081212_20","Cirsium parryi","LCP","Graham","USA"," 32!40'6.21\"N","109!52'39.51\"W","Arizona"
"bumble bee","EMEC_SI_SC_072912_15","Hymenoxys richardsonii","HLS","Bernalillo","USA"," 35!12'22.86\"N","106!26'36.15\"W","New Mexico"
"bumble bee","EMEC_SI_PL_081212_19","Cirsium parryi","LCP","Graham","USA"," 32!40'6.21\"N","109!52'39.51\"W","Arizona"
"bumble bee","EMEC_SI_PL_081312_169","Cirsium parryi","HLS","Graham","USA"," 32!40'6.21\"N","109!52'39.51\"W","Arizona"
"bumble bee","EMEC_SI_PL_080912_132","Cirsium parryi","HLS","Graham","USA"," 32!40'6.21\"N","109!52'39.51\"W","Arizona"
"bumble bee","EMEC_SI_PL_081012_287","Cirsium parryi","HLS","Graham","USA"," 32!40'6.21\"N","109!52'39.51\"W","Arizona"
"bumble bee","EMEC_SI_PL_081012_101","Penstemon strictus","LCP","Graham","USA"," 32!40'6.21\"N","109!52'39.51\"W","Arizona"
"bumble bee","EMEC_SI_MM_080212_218","Phacelia heterophylla","HLS","Socorro","USA"," 33!59'29.31\"N","107!11'1.23\"W","New Mexico"
"bumble bee","EMEC_SI_JC_071412_60","Erigeron subtrinervis","LCP","Santa Fe","USA"," 35!51'18.33\"N","105!38'26.07\"W","New Mexico"
"bumble bee","EMEC_SI_JC_071512_165","Erigeron subtrinervis","HLS","Santa Fe","USA"," 35!51'18.33\"N","105!38'26.07\"W","New Mexico"
"bumble bee","EMEC_SI_JC_071612_94","Erigeron subtrinervis","LCP","Santa Fe","USA"," 35!51'18.33\"N","105!38'26.07\"W","New Mexico"
"wasp","EMEC_SI_JC_071212_81","Erigeron subtrinervis","LCP","Santa Fe","USA"," 35!51'18.33\"N","105!38'26.07\"W","New Mexico"
"bumble bee","EMEC_SI_JC_071412_50","Erigeron subtrinervis","LCP","Santa Fe","USA"," 35!51'18.33\"N","105!38'26.07\"W","New Mexico"
"bumble bee","EMEC_SI_JC_071412_37","Erigeron subtrinervis","LCP","Santa Fe","USA"," 35!51'18.33\"N","105!38'26.07\"W","New Mexico"
"bumble bee","EMEC_SI_JC_071512_50","Erigeron subtrinervis","LCP","Santa Fe","USA"," 35!51'18.33\"N","105!38'26.07\"W","New Mexico"
"bumble bee","EMEC_SI_JC_071412_118","Erigeron subtrinervis","LCP","Santa Fe","USA"," 35!51'18.33\"N","105!38'26.07\"W","New Mexico"
"bumble bee","EMEC_SI_JC_071512_51","Erigeron subtrinervis","LCP","Santa Fe","USA"," 35!51'18.33\"N","105!38'26.07\"W","New Mexico"
"bumble bee","EMEC_SI_JC_071512_124","Viguiera multiflora","HLS","Santa Fe","USA"," 35!51'18.33\"N","105!38'26.07\"W","New Mexico"
"bumble bee","EMEC_SI_JC_071612_28","Erigeron subtrinervis","LCP","Santa Fe","USA"," 35!51'18.33\"N","105!38'26.07\"W","New Mexico"
"bumble bee","EMEC_SI_JC_071712_127","Erigeron subtrinervis","LCP","Santa Fe","USA"," 35!51'18.33\"N","105!38'26.07\"W","New Mexico"
"bumble bee","EMEC_SI_JC_071712_135","Potentilla hippiana","LCP","Santa Fe","USA"," 35!51'18.33\"N","105!38'26.07\"W","New Mexico"
"bumble bee","EMEC_SI_JC_071712_166","Erigeron subtrinervis","LCP","Santa Fe","USA"," 35!51'18.33\"N","105!38'26.07\"W","New Mexico"
"bumble bee","EMEC_SI_JC_071612_79","Eremogone fendleri","LCP","Santa Fe","USA"," 35!51'18.33\"N","105!38'26.07\"W","New Mexico"
"bumble bee","EMEC_SI_JC_071712_165","Erigeron subtrinervis","LCP","Santa Fe","USA"," 35!51'18.33\"N","105!38'26.07\"W","New Mexico"
"bumble bee","EMEC_SI_JC_071712_121","Erigeron subtrinervis","LCP","Santa Fe","USA"," 35!51'18.33\"N","105!38'26.07\"W","New Mexico"
"bumble bee","EMEC_SI_JC_071612_78","Potentilla fruticosa","LCP","Santa Fe","USA"," 35!51'18.33\"N","105!38'26.07\"W","New Mexico"
"bumble bee","EMEC_SI_JC_071712_89","Potentilla fruticosa","LCP","Santa Fe","USA"," 35!51'18.33\"N","105!38'26.07\"W","New Mexico"
"bumble bee","EMEC_SI_JC_071712_136","Potentilla hippiana","LCP","Santa Fe","USA"," 35!51'18.33\"N","105!38'26.07\"W","New Mexico"
"","EMEC_SI_JC_071712_93","Erigeron subtrinervis","LCP","Santa Fe","USA"," 35!51'18.33\"N","105!38'26.07\"W","New Mexico"
"bumble bee","EMEC_SI_JC_071712_124","Erigeron subtrinervis","LCP","Santa Fe","USA"," 35!51'18.33\"N","105!38'26.07\"W","New Mexico"
"bumble bee","EMEC_SI_JC_071712_172","Erigeron subtrinervis","LCP","Santa Fe","USA"," 35!51'18.33\"N","105!38'26.07\"W","New Mexico"
"bumble bee","EMEC_SI_JC_071612_97","Erigeron subtrinervis","LCP","Santa Fe","USA"," 35!51'18.33\"N","105!38'26.07\"W","New Mexico"
"bumble bee","EMEC_SI_JC_071612_95","Erigeron subtrinervis","LCP","Santa Fe","USA"," 35!51'18.33\"N","105!38'26.07\"W","New Mexico"
"bumble bee","EMEC_SI_JC_071712_116","Geranium caespitosum","LCP","Santa Fe","USA"," 35!51'18.33\"N","105!38'26.07\"W","New Mexico"
"bumble bee","EMEC_SI_JC_071612_123","Achillea millefolium","LCP","Santa Fe","USA"," 35!51'18.33\"N","105!38'26.07\"W","New Mexico"
"bumble bee","EMEC_SI_JC_071612_61","Potentilla hippiana","HLS","Santa Fe","USA"," 35!51'18.33\"N","105!38'26.07\"W","New Mexico"
"bumble bee","EMEC_SI_JC_071212_2","Penstemon barbatus","HLS","Santa Fe","USA"," 35!51'18.33\"N","105!38'26.07\"W","New Mexico"
"bumble bee","EMEC_SI_JC_071212_57","Erigeron subtrinervis","LCP","Santa Fe","USA"," 35!51'18.33\"N","105!38'26.07\"W","New Mexico"
"bumble bee","EMEC_SI_JC_071212_31","Erigeron subtrinervis","LCP","Santa Fe","USA"," 35!51'18.33\"N","105!38'26.07\"W","New Mexico"
"bumble bee","EMEC_SI_JC_071212_44","Erigeron subtrinervis","LCP","Santa Fe","USA"," 35!51'18.33\"N","105!38'26.07\"W","New Mexico"
"bumble bee","EMEC_SI_JC_071612_96","Erigeron subtrinervis","LCP","Santa Fe","USA"," 35!51'18.33\"N","105!38'26.07\"W","New Mexico"
"bumble bee","EMEC_SI_JC_071512_52","Erigeron subtrinervis","LCP","Santa Fe","USA"," 35!51'18.33\"N","105!38'26.07\"W","New Mexico"
"bumble bee","EMEC_SI_JC_071512_118","Penstemon barbatus","HLS","Santa Fe","USA"," 35!51'18.33\"N","105!38'26.07\"W","New Mexico"
"bumble bee","EMEC_SI_JC_071512_71","Senecio eremophilus","LCP","Santa Fe","USA"," 35!51'18.33\"N","105!38'26.07\"W","New Mexico"
"bumble bee","EMEC_SI_JC_071512_53","Erigeron subtrinervis","LCP","Santa Fe","USA"," 35!51'18.33\"N","105!38'26.07\"W","New Mexico"
"bumble bee","EMEC_SI_JC_071212_105","Penstemon barbatus","HLS","Santa Fe","USA"," 35!51'18.33\"N","105!38'26.07\"W","New Mexico"
"bumble bee","EMEC_SI_JC_071212_65","Erigeron subtrinervis","LCP","Santa Fe","USA"," 35!51'18.33\"N","105!38'26.07\"W","New Mexico"
"bumble bee","EMEC_SI_JC_071212_20","Erigeron subtrinervis","HLS","Santa Fe","USA"," 35!51'18.33\"N","105!38'26.07\"W","New Mexico"
"bumble bee","EMEC_SI_JC_071212_16","Penstemon barbatus","HLS","Santa Fe","USA"," 35!51'18.33\"N","105!38'26.07\"W","New Mexico"
"bumble bee","EMEC_SI_JC_071212_17","Campanula rotundifolia","HLS","Santa Fe","USA"," 35!51'18.33\"N","105!38'26.07\"W","New Mexico"
"bumble bee","EMEC_SI_JC_071212_6","Erigeron subtrinervis","HLS","Santa Fe","USA"," 35!51'18.33\"N","105!38'26.07\"W","New Mexico"
"bumble bee","EMEC_SI_JC_071212_7","Campanula rotundifolia","HLS","Santa Fe","USA"," 35!51'18.33\"N","105!38'26.07\"W","New Mexico"
"bumble bee","EMEC_SI_JC_071112_5","Erigeron subtrinervis","LCP","Santa Fe","USA"," 35!51'18.33\"N","105!38'26.07\"W","New Mexico"
"bumble bee","EMEC_SI_JC_071112_17","Erigeron subtrinervis","LCP","Santa Fe","USA"," 35!51'18.33\"N","105!38'26.07\"W","New Mexico"
"bumble bee","EMEC_SI_JC_071212_43","Erigeron subtrinervis","LCP","Santa Fe","USA"," 35!51'18.33\"N","105!38'26.07\"W","New Mexico"
"bumble bee","EMEC_SI_JC_071212_37","Penstemon barbatus","LCP","Santa Fe","USA"," 35!51'18.33\"N","105!38'26.07\"W","New Mexico"
"bumble bee","EMEC_SI_JC_071212_40","Erigeron subtrinervis","LCP","Santa Fe","USA"," 35!51'18.33\"N","105!38'26.07\"W","New Mexico"
"bumble bee","EMEC_SI_JC_071212_98","Potentilla hippiana","LCP","Santa Fe","USA"," 35!51'18.33\"N","105!38'26.07\"W","New Mexico"
"bumble bee","EMEC_SI_JC_071212_67","Potentilla fruticosa","LCP","Santa Fe","USA"," 35!51'18.33\"N","105!38'26.07\"W","New Mexico"
"bumble bee","EMEC_SI_JC_071112_15","Erigeron subtrinervis","LCP","Santa Fe","USA"," 35!51'18.33\"N","105!38'26.07\"W","New Mexico"
"bumble bee","EMEC_SI_JC_071112_8","Potentilla fruticosa","LCP","Santa Fe","USA"," 35!51'18.33\"N","105!38'26.07\"W","New Mexico"
"bumble bee","EMEC_SI_JC_071412_126","Erigeron subtrinervis","LCP","Santa Fe","USA"," 35!51'18.33\"N","105!38'26.07\"W","New Mexico"
"bumble bee","EMEC_SI_JC_071512_55","Erigeron subtrinervis","LCP","Santa Fe","USA"," 35!51'18.33\"N","105!38'26.07\"W","New Mexico"
"bumble bee","EMEC_SI_JC_071412_90","Senecio eremophilus","LCP","Santa Fe","USA"," 35!51'18.33\"N","105!38'26.07\"W","New Mexico"
"bumble bee","EMEC_SI_JC_071612_27","Senecio eremophilus","LCP","Santa Fe","USA"," 35!51'18.33\"N","105!38'26.07\"W","New Mexico"
"bumble bee","EMEC_SI_JC_071212_97","Potentilla hippiana","LCP","Santa Fe","USA"," 35!51'18.33\"N","105!38'26.07\"W","New Mexico"
"bumble bee","EMEC_SI_JC_071412_39","Erigeron subtrinervis","LCP","Santa Fe","USA"," 35!51'18.33\"N","105!38'26.07\"W","New Mexico"
"bee","EMEC_SI_SC_072312_34","Solidago multiradiata","HLS","Bernalillo","USA"," 35!12'22.86\"N","106!26'36.15\"W","New Mexico"
"bumble bee","EMEC_SI_MM_080412_22","Vicia pulchella","HLS","Socorro","USA"," 33!59'29.31\"N","107!11'1.23\"W","New Mexico"
"bumble bee","EMEC_SI_MM_073112_15","Vicia pulchella","HLS","Socorro","USA"," 33!59'29.31\"N","107!11'1.23\"W","New Mexico"
"bumble bee","EMEC_SI_MM_080412_133","Vicia pulchella","LCP","Socorro","USA"," 33!59'29.31\"N","107!11'1.23\"W","New Mexico"
"bumble bee","EMEC_SI_MM_073112_71","Cirsium neomexicanum","LCP","Socorro","USA"," 33!59'29.31\"N","107!11'1.23\"W","New Mexico"
"bee","EMEC_SI_MM_080312_6","Vicia pulchella","HLS","Socorro","USA"," 33!59'29.31\"N","107!11'1.23\"W","New Mexico"
"bumble bee","EMEC_SI_MM_073112_69","Cirsium neomexicanum","LCP","Socorro","USA"," 33!59'29.31\"N","107!11'1.23\"W","New Mexico"
"bumble bee","EMEC_SI_SC_072712_100","Oxytropis lambertii","LCP","Bernalillo","USA"," 35!12'22.86\"N","106!26'36.15\"W","New Mexico"
"bumble bee","EMEC_SI_SC_072012_318","Penstemon strictus","LCP","Bernalillo","USA"," 35!12'22.86\"N","106!26'36.15\"W","New Mexico"
"bee","EMEC_SI_SC_072912_64","Penstemon strictus","LCP","Bernalillo","USA"," 35!12'22.86\"N","106!26'36.15\"W","New Mexico"
"bumble bee","EMEC_SI_SC_072012_263","Penstemon strictus","HLS","Bernalillo","USA"," 35!12'22.86\"N","106!26'36.15\"W","New Mexico"
"bee","EMEC_SI_SC_072912_78","Oxytropis lambertii","LCP","Bernalillo","USA"," 35!12'22.86\"N","106!26'36.15\"W","New Mexico"
"bumble bee","EMEC_SI_SC_072012_131","Oxytropis lambertii","LCP","Bernalillo","USA"," 35!12'22.86\"N","106!26'36.15\"W","New Mexico"
"bumble bee","EMEC_SI_SC_072612_156","Penstemon strictus","LCP","Bernalillo","USA"," 35!12'22.86\"N","106!26'36.15\"W","New Mexico"
"bumble bee","EMEC_SI_SC_072012_132","Oxytropis lambertii","LCP","Bernalillo","USA"," 35!12'22.86\"N","106!26'36.15\"W","New Mexico"
"bumble bee","EMEC_SI_SC_072012_134","Penstemon strictus","LCP","Bernalillo","USA"," 35!12'22.86\"N","106!26'36.15\"W","New Mexico"
"bee","EMEC_SI_SC_072312_237","Oxytropis lambertii","LCP","Bernalillo","USA"," 35!12'22.86\"N","106!26'36.15\"W","New Mexico"
"bumble bee","EMEC_SI_SC_072812_6","Oxytropis lambertii","HLS","Bernalillo","USA"," 35!12'22.86\"N","106!26'36.15\"W","New Mexico"
"bumble bee","EMEC_SI_SC_072112_112","Penstemon strictus","LCP","Bernalillo","USA"," 35!12'22.86\"N","106!26'36.15\"W","New Mexico"
"bumble bee","EMEC_SI_SC_072012_130","Oxytropis lambertii","LCP","Bernalillo","USA"," 35!12'22.86\"N","106!26'36.15\"W","New Mexico"
"bumble bee","EMEC_SI_SC_072012_264","Penstemon strictus","HLS","Bernalillo","USA"," 35!12'22.86\"N","106!26'36.15\"W","New Mexico"
"bumble bee","EMEC_SI_SC_072912_4","Castilleja miniata","HLS","Bernalillo","USA"," 35!12'22.86\"N","106!26'36.15\"W","New Mexico"
"bumble bee","EMEC_SI_SC_072912_3","Castilleja miniata","HLS","Bernalillo","USA"," 35!12'22.86\"N","106!26'36.15\"W","New Mexico"
"bee","EMEC_SI_SC_072712_123","Castilleja miniata","LCP","Bernalillo","USA"," 35!12'22.86\"N","106!26'36.15\"W","New Mexico"
"bumble bee","EMEC_SI_SC_072712_40","Castilleja miniata","HLS","Bernalillo","USA"," 35!12'22.86\"N","106!26'36.15\"W","New Mexico"
"bee","EMEC_SI_SC_072612_114","Agoseris aurantica","LCP","Bernalillo","USA"," 35!12'22.86\"N","106!26'36.15\"W","New Mexico"
"bee","EMEC_SI_SC_072812_112","Penstemon strictus","LCP","Bernalillo","USA"," 35!12'22.86\"N","106!26'36.15\"W","New Mexico"
"bumble bee","EMEC_SI_SC_072612_157","Penstemon strictus","LCP","Bernalillo","USA"," 35!12'22.86\"N","106!26'36.15\"W","New Mexico"
"bee","EMEC_SI_SC_072312_155","Solidago multiradiata","LCP","Bernalillo","USA"," 35!12'22.86\"N","106!26'36.15\"W","New Mexico"
"bumble bee","EMEC_SI_JC_071412_70","Potentilla hippiana","LCP","Santa Fe","USA"," 35!51'18.33\"N","105!38'26.07\"W","New Mexico"
"bumble bee","EMEC_SI_JC_071212_3","Penstemon barbatus","HLS","Santa Fe","USA"," 35!51'18.33\"N","105!38'26.07\"W","New Mexico"
"bumble bee","EMEC_SI_MM_080212_77","Penstemon pseudoparvus","LCP","Socorro","USA"," 33!59'29.31\"N","107!11'1.23\"W","New Mexico"
